url,nodeID,keyValuePairs
100tinta.com/home/183277-lenovo-700-25ish-core-i7-6700-34-ghz-16-gb-112-tb-gf-gtx-960,_:node75afb47c181dd4989daddd74634d4e9,"{'Max CPU Qty': '1', 'CPU': 'Intel Core i7 (6th Gen) 6700 / 3.4 GHz', 'Interface Class': 'Serial ATA', 'Capacity': '1 x 1 TB', 'Type': 'Hybrid Drive', 'Processor Main Features': 'Intel Turbo Boost Technology 2', 'CPU Qty': '1', 'Number of Cores': 'Quad-Core', 'CPU Socket': 'LGA1151 Socket', 'Max Turbo Speed': '4 GHz', 'Interface Type': 'SATA 6Gb/s', 'Chipset Type': 'Intel H170 Express', 'Spindle Speed': '7200 rpm'}"
1sourcedist.com/Product/Details/4253077,_:node9dcc268d4f5fc44b794de732b6e7daf1,"{'Mfg Catalog #': 'A1084PHC', 'Country Of Origin': 'SG', 'Green Product': 'No', 'Brand Name': 'Allen-Bradley', 'Master UPC': '88563005847', 'Package-1 Desc': 'each', 'Invoice Description': 'Micro810 USB Adapter', 'DDS Manufacturer Specs (PDF)': 'https://media.distributordatasolutions.com/IDW/Rockwell_Automation2016-09-12T18_04_41Z/11181631_specShtURL', 'UNSPSC': '32151703', 'Manufacturer Specs PDF': 'http://literature.rockwellautomation.com/idc/groups/literature/documents/um/2080-um004_-en-e.pdf', 'Manufacturer': 'Hoffman', 'Catalog Description': 'USB Adapter', 'Order in Multiples of': '1 ea (Pack Qty)', 'Package Weight': '0.07', 'Manufacturer UCC Number': '885630', 'Mfr Minimum Ord Qty': '1', '12-Digit UPC': '885630058474', 'Package-1 Qty': '1', 'UPC': '78351017074', 'Item #': '3967045', 'Mfr Name': 'Rockwell Automation', 'PGC3': '17A', 'Weight': '0.075'}"
4starelectronics.com/part_detail/AT29C102490TC,_:nodef115458d4437ed9a9544e8b37785d8e9,"{'Manufacturer:': 'Atmel', 'Last Updated:': '11/20/2017', 'Mfg Part#': 'AT29C1024-90TC', 'Qty In-Stock': 'Request a Quote or Call.', 'Part Type:': 'Flash Memory', '\xa0': '\xa0', 'Price:': 'Request Quote', 'Part ID#': 'AT29C102490TC'}"
5freehosting.com/product/1066526/,_:node6370a9b38db81ad9afdaa1c56a7485be,"{'Manufacturer': 'Apple Computer', 'Brand': 'Apple', 'Package Size': '5.8 x 1.7 x 1.7 inches', 'UPC': '880959726080', 'Model': 'ME279LL/A', 'Color': 'Silver', 'Package Weight': '1.45 pounds', 'Item Weight': '0.73 pounds', 'Units in Package': '1', 'Item Size': '5.3 x 0.29 x 0.29 inches'}"
abdofficesolutions.com/products/brand-new-toshiba-e-studio-2802am-a4-mono-laser-multifunction-copier,_:node99bb57393e7efb979bb235cf8f48d95a,"{'Paper Capacity (std / max.)': '300 sheets', 'Standard Paper Supply': '1 x\xa0 250 sheets drawer 1 x 50 sheets bypass tray', 'Maximum Paper Size': '8.5"" x 14"" or A4', 'Media Types': '-', 'Maximum Paper Weight': 'up to 120 lb.'}"
abt.com/product/45338/Lenovo-ThinkCentre-A63-Desktop-Computer-A63,_:nodeffaf6ddb4c69feab766dccc84dd4fe14,"{'Recordable DVD Drive': 'Yes', 'Operating Platform': 'PC', 'Labor Warranty': '3 Years', 'Processor Speed': '2.70 GHz', 'Graphics Card': 'ATI Radeon 3000', 'Software Included': 'Skype, Adobe Reader, Adobe Flash Player, Lenovo Password Manager, ThinkVantage Power Manager, ThinkVantage System Update, Microsoft Office 2007 (60 days trial), Norton Internet Security 2009 (30 days subscription)', 'Processor': 'AMD Sempron 140', 'System Memory (RAM)': '2GB', 'Height (inches)': '15.8""', 'Hard Drive Size': '250GB', 'Depth (inches)': '17.3""', 'Width (inches)': '6.9""', 'Operating System': 'Windows 7 Professional', 'Parts Warranty': '3 Years', 'Energy Star Qualified': 'No', 'RAM Expandable To': '4GB', 'Processor Brand': 'AMD', 'Weight (pounds)': '26 lbs', 'HDMI Output': 'No', '\xa0': '\xa0'}"
abt.com/product/45966/Apple-iPad-With-Wi-Fi-16GB-MB292LLA,_:noded45716cbbaf18bbf3b3e352eba1eac3,"{'Operating Platform': 'Mac', 'Processor Speed': '1GHz', 'Width': '7.47""', 'Processor': 'Apple A4', 'Warranty Parts': '1 Year', 'Height': '9.56""', 'Energy Star': 'Yes', 'Hard Drive Size': '16GB Flash Drive', 'Display Type': 'LED-acklit glossy widescreen Multi-Touch display with IPS technology', 'Warranty Labor': '1 Year', 'Display Size': '9.7""', 'Approximate Battery Life': 'Up To 10 Hours', 'Depth': '0.5""', 'Bluetooth Enabled': 'Yes', 'HDMI Output': 'No', 'Built In Web Cam': 'No', 'Processor Brand': 'Apple', 'Weight': '1.5 lbs', '\xa0': '\xa0'}"
abt.com/product/74347/Apple-Silver-iPad-Mini-With-Retina-Display-Wi-Fi-Cellular-16-GB-For-AT-T-MF074LLA?tab=1,_:node92636fb27be699f3cff575f035aa2392,"{'Screen Size (inches)': '7.9', 'Operating Platform': 'Apple iOS', 'Storage Capacity': '16GB', '\xa0': '\xa0', 'Wireless Capabilities': 'Wi-Fi + 4G AT&T'}"
active-robots.com/brands/microbot/computer-interfaces/micro-usb-to-serial-adapter,_:node9235f1b75ad88e1ca360a8560818855,"{'Weight': '1.4g / 0.05 oz', 'Current consumption': '13mA typ. (15mA max.)', 'Operating Temperature': '-40 Â° C to +85 Â° C', 'Operating Voltage': '5V from USB port', 'Serial Signals': 'TX, RX, RTS, CTS', 'Connector': 'USB Mini-B', 'Logical levels of I / O': 'TTL', 'Dimensions': '19x13x7mm (excluding strip connectors)'}"
aerocooler.com/vantec-nst-520s3-bk-nexstar-usb3-0-slim-sata-optical-drive-enclosure/,_:nodee9d728d6d78a77a42933bf358d4f6a,"{'Device Support:': 'Slim SATA Optical Drive', 'Dimensions:': '136 x 149 x 19 mm', 'Model:': 'NST-520S3-BK (black)', 'Internal Interface:': 'Standard Slim SATA interface', 'Device Size:': 'Slim laptop optical drive, Thickness: 12.7mm', 'Material:': 'Aluminum & Plastic', 'USB cable Length:': '660 mm (26 inches)', 'External Interface:': 'USB 3.0', 'Power:': 'USB Bus Powered'}"
alcoenergy.com/,_:node7012cd239d7a8cefec425e3e3af2d1bb,"{'Condition': 'Brand New', 'Power': '90W', 'Compatible': 'Asus F3U', 'Connector Size': '5.5 * 2.5mm', 'Output Current': '4.74A', 'Input': 'AC 100-240V, 50-60Hz (worldwide use)', 'Availability': 'In Stock', 'Payment Method': 'PayPal, Credit Card How?', 'Output Voltage': '19V', 'Note': 'Compatible with 19V, 3.42A, 65W', 'Input Voltage': 'DC 12V', 'Category:': 'Laptop Car Adapter', 'Warranty': '1 year', 'Certificates': 'CE, FCC, RoHS etc'}"
alltechtoys.com/product/390905/,_:noded413d4f6bc2715f72cae218b3abe29,"{'Package Size': '3.94 x 0.04 x 0.04 inches', 'Item Size': '0.59 x 0.43 x 0.43 inches', 'Item Weight': '0.02 pounds', 'Color': 'Silver/red', 'Manufacturer': 'SanDisk', 'Model': 'SDSDQUA-064G-U46A', 'UPC': '778890687174', 'Units in Package': '1', 'Package Weight': '0.09 pounds', 'Brand': 'SanDisk'}"
altex.com/Seagate-8TB-Backup-Plus-USB-30-External-Hard-Drive-w-USB-Hub-STEL8000100-P158880.aspx,_:nodeafb76d4dac077b4326cd3cd5d5301b,"{'Capacity': '8 TB', 'Dimensions': '4.646 x 1.614 x 7.799"" / 118.0 x 40.99 x 198.1 mm', 'Max Data Transfer Rate': '160 MB/s', 'Color': 'Black', 'System Requirements': 'USB 3.0 port (required for USB 3.0 transfer speeds or backwards compatible with USB 2.0) Windows 7 or higher, Mac OS X 10.9 or higher Seagate Mobile Backup app requires iOS 8 or higher, Android 3.0 or higher', 'Interface': '1 x Micro-USB 3.0 (Micro-B 10-pin) 2 x USB 3.0 Type-A', 'Weight': '2.337 lb / 1.060 kg'}"
ascendtech.us/intel-pentium-core-2-duo-2mb-sla9s-cpu_i_ltpcpinc2dsla9s.aspx?agent=pricewatch,_:node43e8054a6eef86c48d9b91c04484df,"{'L2 Cache Size': '2 MB', 'Thermal Design Power': '35 W', 'Model': 'SLA9S', 'Clock multiplier': '9', 'CPU Speed': '1.5 GHz', 'Core Stepping': '06FDh', 'Process': '65 nm', 'Thermal Specification': '100Â°C', 'Socket': '478-pin micro-FCPGA', 'Bus Speed': '667 MHz'}"
avadirect.com/4TB-BarraCuda-Pro-ST4000DM006-7200-RPM-SATA-6Gb-s-512E-128MB-cache-3-5-Inch-OEM-HDD/Product/11043433,_:node6df54c5a5e498d2308c1bbc705d55ad,"{'Height': '26.11 mm', 'Cache': '128\xa0MB', 'Perfect for': 'High performance desktop, creative pro desktop applications, gaming', 'Capacity': '4\xa0TB', 'Warranty': '5 years', 'z-height': 'Desktop or Desktop related storage only', 'Interface': 'SATA 6Gb/s', 'Performance': '7,200 RPM', 'Form Factor': '3.5 inch', 'Key Feature': 'High performance', 'New Products': 'BarraCuda Pro', 'Related Products': 'Desktop HDD'}"
avadirect.com/4TB-BarraCuda-ST4000LM024-5400-RPM-SATA-6Gb-s-128MB-cache-2-5-Inch-OEM-HDD/Product/10851329,_:nodec740274089658f7f3474e333fb1d813,"{'Model': 'ST4000LM024', 'Form Factor': '2.5""', 'Interface': 'SATA 6.0Gb/s', 'Packaging': 'Bare Drive', 'Cache': '128MB', 'Series': 'BarraCuda', 'Brand': 'Seagate', 'RPM': '5400 RPM', 'Usage': 'For Daily Computing', 'Length (maximum)': '100.35mm', 'Capacity': '4TB', 'Height (maximum)': '15mm', 'Width (maximum)': '69.85mm'}"
avadirect.com/MasterFan-Pro-Air-Balance-120mm-w-RGB-LEDs-1300-RPM-42-7-CFM-20-dBA-Cooling-Fan/Product/11137472,_:node7c7cb52556b1fa41d1f855512cf772e6,"{'Dimensions (mm)': '120 x 120 x 25 (4.7 x 4.7 x 1â³)', 'L-10 Life (hours)': '70,000', 'Connector': '4-Pin', 'Airflow (CFM)': '42.7 Â± 10%', 'Air Pressure (mmH2O)': '0.96 Â± 10%', 'Profile': 'R Mode (Red)', 'Fan Speed (RPM)': '650 ~ 1300 Â± 10%', 'Rated Current (A)': '0.07', 'Model': 'MFY-B2DN-13NPC-R1', 'Rated Voltage': '12 VDC', 'Weight': '162 g', 'UPC Code': '884102031137', 'Warranty': '5 Years', 'Fan Noise Level (dBA)': '6 ~ 20 (Max)', 'EAN Code': '4719512057766', 'Safety Current': '0.45 A', 'MTTF (hours)': '490,000'}"
backpacking-united.com/au/e-case-iseries-case-ipad-black,_:nodefede0443412572696c1b617da8a87c5,"{'': 'iPad', 'Color': 'Black, Midnight Blue, Cool Gray, Olive, Mandarin Red, Cosmic Purple', 'Material(s)': '600D Polyurethane coated Polyester and Clear PVC-free windows', 'Overall width': '9.3 in / 24 cm', 'Weight': '3 oz / 83.3 g', 'Closure': 'SealLock Zipper', 'Compartment width': '7.7 in / 20.5 cm', 'Compartment length': '10.5 in / 25 cm', 'PVC-Free': 'Yes', 'Overall length': '11.5 in / 28.5 cm', 'Country of Origin': 'MADE IN U.S.A. OF U.S. AND IMPORTED MATERIALS', 'Fits': 'ALL Apple iPad generations'}"
batteryjunction.com/duracell-mn1400b2z-2c,_:noded4d1b98f035b514c1b4cedde5cbb7fb,"{'Battery Shelf Life:': '6-8 Years', 'Battery Voltage:': '1.5', 'Return Policy:': 'Battery Junction Return Policy', 'Battery Chemistry:': 'Alkaline', 'Product Weight:': '2.434oz', 'Warranty:': 'Battery Junction 30-Day Warranty', 'Country of Origin:': 'CN', 'Battery Capacity:': 'Alkaline Battery, Capacity May VarymAh', 'Packaging:': 'Retail Packaging', 'Battery Terminal Type:': 'Button Top', 'UPC:': '041333214016', 'Battery Size:': 'C', 'MPN:': 'DURACELL-MN1400B2', 'Product Dimensions:': '1.969"" (L) x 1.031"" (Diameter)', 'Associated Battery Sizes:': '14A, 14D, 814, AL-C, AM2, C, E93, EN93, KC, LR14, LR14XWA, MN1400, MX1400, PC1400, R14, UM2', 'Brand:': 'Duracell'}"
bhphotovideo.com/c/product/1193466-REG/gigabyte_ga_h110m_s2h_gsm_b_motherboard_for_6th,_:node47e5108fdc6840d920d5296a5132301f,"{'Onboard S/PDIF Header': 'Yes', 'Total Number of PCI Express Slots': '3', 'Number of Total Expansion Slots': '3', 'Maximum Memory': '32 GB', 'Memory Technology': 'DDR4 SDRAM', 'Number of Memory Slots': '2', 'Number of SATA Interfaces': '4', 'Memory Form Factor': 'DIMM UDIMM', 'HDMI': 'Yes', 'VGA': 'Yes', 'Chipset Model': 'H110', 'Processor Socket': 'Socket H4 LGA-1151', 'Chipset Manufacturer': 'Intel', 'Total Processor Supported': '1', 'Number of USB 3.0 Ports': '2', 'Processor Supported': 'Celeron Core i3 Core i5 Core i7 Pentium', 'Number of PCI Express x16 Slots': '1', 'Number of PCI Express x1 Slots': '2', 'Memory Speed Supported': '2.13 GHz', 'Number of Onboard USB 3.0 Ports': '2', 'Total Number of Onboard USB Ports': '6', 'Total Number of USB Ports': '6', 'DVI': 'Yes'}"
bhphotovideo.com/c/product/1348962-REG/silicon_power_sp128gblu3z50v1sbh_128gb_iphone_ipad,_:node50d516c41493688332b58c44eb9d94a,"{'Connector': 'USB Type-A, Lightning', 'Maximum Write Speed': 'Not specified by manufacturer', 'MFi Certification': 'Yes', 'Interface': 'USB 3.0 (5 Gb/s)', 'Material': 'Zinc Alloy', 'Encryption': 'None', 'Resistance': 'Dust, Shock', 'Weight': '0.21 oz / 6 g', 'Operating Temperature': '32 to 158Â°F / 0 to 70Â°C', 'Storage Capacity': '128\xa0GB', 'Dimensions': '1.6 x 0.6 x 0.3"" / 41.7 x 14.3 x 6.6 mm', 'Maximum Read Speed': 'Not specified by manufacturer'}"
budkoo.com/p/2016-newest-asus-156-high-performance-premium-hd-laptop-(intel-quad-core-pentium-n3700-processor-up-to-24-ghz-4gb-ram-500gb-hdd-supermulti-dvd-wifi-hdmi-vga-webcam-windows-10-silver)/57f009063330630003000212/,_:nodea848e51b1ba869c6c4809120eb325aad,"{'Model': 'Asus VivoBook', 'Brand': 'Asus', 'Operating System': 'Windows 10', 'Item Dimensions': '1 x 15 x 4 x 9', 'Color': 'Silver', 'Hardware Platform': 'PC', 'Title': '2016 Newest ASUS 15.6"" High Performance Premium HD Laptop (Intel Quad Core Pentium N3700 Processor up to 2.4 GHz, 4GB RAM, 500GB HDD, SuperMulti DVD, Wifi, HDMI, VGA, Webcam, Windows 10-silver)', 'Ean': '0741271365152', 'Studio': 'Asus', 'Upc List': '889349370810 741271365152', 'Package Dimensions': '3 x 20 x 6 x 12', 'Publisher': 'Asus', 'Ean List': '0741271365152 0889349370810', 'Upc': '889349370810', 'Manufacturer': 'Asus', 'Product Group': 'Personal Computer', 'Binding': 'Personal Computers', 'Label': 'Asus', 'Package Quantity': '1'}"
canadapartsdirect.com/product_info.php?products_id=456949&currency=CAD,_:node96ad8987fb67455e2589ab8dbe1643e6,"{'': '', 'Interface (Detailed)': 'SAS', 'Category': 'IBM HardDrive', 'Generation': 'SAS', 'Spindle Speed': '15000RPM', 'Capacity': '146GB', 'Buffer Size': '8MB', 'Hot Swap': 'Yes', 'Part Number': '43W7482-5Pack', 'Average Latency': '2ms', 'Products ID': '456949', 'Enclosure': 'Internal', 'External Data Transfer Rate': '300MB/s', 'Special Features': 'S.M.A.R.T Technology', 'Seek Time': '3.8ms', 'Sub-Category': '15K', 'HDD Form Factor': '3.5 inches'}"
sillworks.com/canada/product_info.php?products_id=456949&currency=CAD,_:node7fbcc5ad371a268dde32542d55eebb8,"{'': '', 'Interface (Detailed)': 'SAS', 'Average Latency': '2ms', 'Sub-Category': '15K', 'Special Features': 'S.M.A.R.T Technology', 'Category': 'IBM HardDrive', 'Capacity': '146GB', 'Seek Time': '3.8ms', 'Generation': 'SAS', 'Products ID': '456949', 'Part Number': '43W7482-5Pack', 'Enclosure': 'Internal', 'Spindle Speed': '15000RPM', 'Buffer Size': '8MB', 'Hot Swap': 'Yes', 'External Data Transfer Rate': '300MB/s', 'HDD Form Factor': '3.5 inches'}"
harddrivesdirect.com/product_info.php?cPath=&products_id=456949,_:node493a29e051dfbe38765492cfc62215,"{'': '', 'Interface (Detailed)': 'SAS', 'Average Latency': '2ms', 'Sub-Category': '15K', 'Special Features': 'S.M.A.R.T Technology', 'Category': 'IBM HardDrive', 'Capacity': '146GB', 'Seek Time': '3.8ms', 'Generation': 'SAS', 'Products ID': '456949', 'Part Number': '43W7482-5Pack', 'Enclosure': 'Internal', 'Spindle Speed': '15000RPM', 'Buffer Size': '8MB', 'Hot Swap': 'Yes', 'External Data Transfer Rate': '300MB/s', 'HDD Form Factor': '3.5 inches'}"
usapartsdirect.com/product_info.php?cPath=&products_id=456949,_:node416399cec491bbcde352464b79e81b4c,"{'Interface (Detailed)': 'SAS', '': '', 'Part Number': '43W7482-5Pack', 'Buffer Size': '8MB', 'Enclosure': 'Internal', 'Special Features': 'S.M.A.R.T Technology', 'Category': 'IBM HardDrive', 'Spindle Speed': '15000RPM', 'Capacity': '146GB', 'Seek Time': '3.8ms', 'Products ID': '456949', 'Average Latency': '2ms', 'Sub-Category': '15K', 'Generation': 'SAS', 'HDD Form Factor': '3.5 inches', 'Hot Swap': 'Yes', 'External Data Transfer Rate': '300MB/s'}"
canadapartsdirect.com/product_info.php?products_id=458042&currency=CAD,_:nodef341ec95732a191c24a087faf8943c8d,"{'': '', 'Processor Type': 'AMD Opteron', 'Products ID': '458042', 'Process Technology': '45nm', 'Thermal Design Power': '65W', 'Category': 'Proliant Processor', 'L3 Cache': '12MB', 'HyperTransport Speed': '6400MHz', '64-bit Processing': 'Yes', 'Part Number': '601116-B21', 'Sub-Category': 'AMD Opteron', 'Product Type': 'Processor Kit', 'L2 Cache': '6MB', 'Generation': 'G7', 'Processor Qty': '1', 'Processor Core': 'Dodeca-Core', 'Processor Socket': 'Socket G34 LGA-1944', 'Clock Speed': '1.7GHz'}"
harddrivesdirect.com/product_info.php?products_id=458042,_:nodebd3113cda93a76db43db7652ae9fa37,"{'': '', 'Thermal Design Power': '65W', 'Part Number': '601116-B21', 'L2 Cache': '6MB', 'Processor Type': 'AMD Opteron', 'Sub-Category': 'AMD Opteron', 'Processor Socket': 'Socket G34 LGA-1944', 'Clock Speed': '1.7GHz', 'HyperTransport Speed': '6400MHz', 'Product Type': 'Processor Kit', 'L3 Cache': '12MB', 'Processor Qty': '1', 'Processor Core': 'Dodeca-Core', 'Process Technology': '45nm', 'Category': 'Proliant Processor', 'Generation': 'G7', 'Products ID': '458042', '64-bit Processing': 'Yes'}"
sillworks.com/product_info.php?products_id=458042&currency=USD,_:nodee5e5dfe84aa96ed36369a784a2627,"{'': '', 'Processor Type': 'AMD Opteron', 'Part Number': '601116-B21', 'Product Type': 'Processor Kit', 'Category': 'Proliant Processor', 'Thermal Design Power': '65W', 'L3 Cache': '12MB', 'HyperTransport Speed': '6400MHz', '64-bit Processing': 'Yes', 'Products ID': '458042', 'Processor Socket': 'Socket G34 LGA-1944', 'L2 Cache': '6MB', 'Sub-Category': 'AMD Opteron', 'Process Technology': '45nm', 'Processor Qty': '1', 'Clock Speed': '1.7GHz', 'Generation': 'G7', 'Processor Core': 'Dodeca-Core'}"
usapartsdirect.com/canada/product_info.php?products_id=458042,_:node881fc7feec6461e48804bb6dfe32516,"{'Part Number': '601116-B21', 'Category': 'Proliant Processor', 'Generation': 'G7', 'Process Technology': '45nm', 'Processor Qty': '1', 'L3 Cache': '12MB', 'Sub-Category': 'AMD Opteron', '': '', 'Clock Speed': '1.7GHz', 'Thermal Design Power': '65W', 'Processor Core': 'Dodeca-Core', 'Product Type': 'Processor Kit', 'L2 Cache': '6MB', 'Processor Socket': 'Socket G34 LGA-1944', 'HyperTransport Speed': '6400MHz', 'Processor Type': 'AMD Opteron', '64-bit Processing': 'Yes', 'Products ID': '458042'}"
canadapartsdirect.com/product_info.php?products_id=458276&currency=CAD,_:node32285aa5fa67ab80222bc241ac752d2,"{'': '', 'Processor Type': 'Intel Xeon', 'Processor Socket': 'Socket J LGA-771', 'Category': 'Proliant Processor', 'Generation': 'G3', 'Process Technology': '65nm', 'Processor Qty': '1', 'Bus Speed': '1066MHz', 'Product Type': 'Processor', 'Part Number': '442995-B21', 'Products ID': '458276', 'Thermal Design Power': '50W', '64-bit Processing': 'Yes', 'L2 Cache': '8MB', 'Processor Core': 'Quad-Core', 'Sub-Category': 'Intel Xeon', 'Clock Speed': '1.86GHz'}"
sillworks.com/product_info.php?products_id=458276,_:node1fba59501474f40e52d069b454c5f7,"{'': '', 'Part Number': '442995-B21', 'Processor Socket': 'Socket J LGA-771', 'Product Type': 'Processor', 'Process Technology': '65nm', 'Processor Core': 'Quad-Core', 'Bus Speed': '1066MHz', 'Generation': 'G3', 'Sub-Category': 'Intel Xeon', 'Category': 'Proliant Processor', 'Processor Qty': '1', 'Processor Type': 'Intel Xeon', 'Products ID': '458276', 'Thermal Design Power': '50W', 'Clock Speed': '1.86GHz', '64-bit Processing': 'Yes', 'L2 Cache': '8MB'}"
harddrivesdirect.com/product_info.php?products_id=458276,_:nodefb61c154bfd7ef4c83d962932d2b2778,"{'': '', 'Part Number': '442995-B21', 'Processor Socket': 'Socket J LGA-771', 'Product Type': 'Processor', 'Process Technology': '65nm', 'Processor Core': 'Quad-Core', 'Bus Speed': '1066MHz', 'Generation': 'G3', 'Sub-Category': 'Intel Xeon', 'Category': 'Proliant Processor', 'Processor Qty': '1', 'Processor Type': 'Intel Xeon', 'Products ID': '458276', 'Thermal Design Power': '50W', 'Clock Speed': '1.86GHz', '64-bit Processing': 'Yes', 'L2 Cache': '8MB'}"
usapartsdirect.com/canada/product_info.php?products_id=458276,_:node38cd0f58d1e34d18552e2838e67e1,"{'': '', 'Part Number': '442995-B21', 'Processor Socket': 'Socket J LGA-771', 'Product Type': 'Processor', 'Process Technology': '65nm', 'Processor Core': 'Quad-Core', 'Bus Speed': '1066MHz', 'Generation': 'G3', 'Sub-Category': 'Intel Xeon', 'Category': 'Proliant Processor', 'Processor Qty': '1', 'Processor Type': 'Intel Xeon', 'Products ID': '458276', 'Thermal Design Power': '50W', 'Clock Speed': '1.86GHz', '64-bit Processing': 'Yes', 'L2 Cache': '8MB'}"
cclonline.com/product/241769/P200-SINGLE/Mains-Networking/Tenda-P200-200mbps-Mini-PowerLine-Adapter/NET2779/,_:node20ff2ac2ab3319aa25e0b3ebf9a0d46,"{'Condition': 'New', 'Part Number': 'P200-SINGLE', 'EAN': '6932849415018', 'Manufacturer': 'Tenda'}"
cect-shop.com/en/xiaomi-redmi-pro-5-5-inch-oled-2-5d-fhd-3gb-ram-64gb-rom-64-bit-mediatek-mtk6797t-deka-core-2-5ghz-4000mah-4g-lte,_:node7f2444df3d6fa15fb98baf60787f3878,"{'MicroSD / TF memory card (8GB)': 'GBP 4.41', 'MicroSD / TF memory card (32GB)': 'GBP 15.90', 'MicroSD / TF memory card (64GB)': 'GBP 26.51', 'MicroSD / TF memory card (128GB)': 'GBP 39.77', 'MicroSD / TF memory card (16GB)': 'GBP 8.83'}"
databug.com/Dell-Enterprise-HDD-1TB-p/0mt795.htm,_:node436f605259e27cd65839a239787c6,"{'Availability': '24/7/365 - Designed for servers and storage systems', 'Compatible Bay': '1 x internal - 3.5"" SAS/SATA', 'Hot-plug': 'Yes', 'Interface': 'Serial ATA', 'Form Factor': '3.5-inch', 'Native Command Queueing* (NCQ)': 'Yes', 'Multi Drive RAID Support': 'Yes', 'SAS Compliancy': 'Fits in SAS back-plane and supported by SAS Controllers', 'Spindle Speed': '7200-RPM', 'Compatibility': 'Select PowerEdge and PowerVault systems', 'Average Seek Read/Write': '8.5 / 9.5 ms', 'Formatted Capacity': '1 TB', 'Product': 'Enterprise class hard disk drive', 'HD Tray/Carrier': 'Included', 'Average Latency': '4.16 ms', 'Brand': 'Dell', 'Interface Transfer Rate': '3 Gb/s'}"
databug.com/Dell-Enterprise-HDD-1TB-p/341-8354.htm,_:node9333827ab9189ba1967109139bcebab,"{'Hot-plug': 'Yes', 'Form Factor': '3.5-inch', 'Interface': 'Serial ATA', 'Average Seek Read/Write': '8.5 / 9.5 ms', 'Native Command Queueing* (NCQ)': 'Yes', 'Spindle Speed': '7200-RPM', 'Multi Drive RAID Support': 'Yes', 'Interface Transfer Rate': '3 Gb/s', 'Availability': '24/7/365 - Designed for servers and storage systems', 'Brand': 'Dell', 'HD Tray/Carrier': 'Included', 'Compatibility': 'Select PowerEdge and PowerVault systems', 'Formatted Capacity': '1 TB', 'Average Latency': '4.16 ms', 'Product': 'Enterprise class hard disk drive', 'Compatible Bay': '1 x internal - 3.5"" SAS/SATA', 'SAS Compliancy': 'Fits in SAS back-plane and supported by SAS Controllers'}"
devilprinters.co.uk/canon-print-only-a3-devices/1026-canon-pixma-ip8750-a3-colour-inkjet-printer-4960999992181,_:nodefcf7131a4cdeffd55bca4a439fa56,"{'Linux Compatibility': 'NO', 'Unboxed Machine Dimensions (W x D x H)': '590 x 331 x 159mm', 'Maximum Print Size': 'A3+', 'Mono Print Speed': '14.5 pages per minute (ISO/IEC 24734)', 'Windows Compatibility': 'YES - limitations may apply', 'Maximum Paper Weight': '300 gsm (Canon photo paper)', 'Mac Compatibility': 'YES - limitations may apply', 'Colour Print Speed': '10.4 pages per minute (ISO/IEC 24734)', 'Direct Disc Printing': 'YES', 'Mobile Print Features (Built-in)': 'iOS, Android, Windows Phone/8/RT - limitations may apply', 'Connectivity': 'USB and WiFi', 'Resolution': 'Up to 9,600 x 2,400 dpi', 'Unboxed Weight': '8.5 kg', 'Double-Sided (Duplex) Print': 'NO'}"
devilprinters.co.uk/home/6760-oki-es8431-a3-colour-led-printer,_:nodea644909ec7e6d199b9a065c27d26de3,"{'Standard Warranty': '3 Years (upon registration within 30 days of purchase)', 'In Box Toner/Ink': '2,500 page Black, Cyan, Magenta and Yellow toner cartridges', 'Standard Memory': '256 MB', 'Mac Compatibility': 'YES - limitations may apply', 'Processor': '800 MHz', 'Unboxed Machine Dimensions (W x D x H)': '449 x 552 x 360mm', 'First Page Out Time': '9.5 seconds', 'PCL Control Language': 'YES', 'Connectivity': 'USB and Ethernet', 'Resolution': '1,200 x 600 dpi', 'Maximum Paper Weight': '256 gsm', 'Maximum Print Size': 'A3', 'Colour Print Speed': '35 A4 pages per minute; 20 A3 pages per minute', 'Standard Paper Capacity': '300 sheet paper tray + 100 sheet multi-purpose paper tray', 'Unboxed Weight': '40 kg', 'PostScript Control Language': 'YES - Emulation', 'Windows Compatibility': 'YES - limitations may apply', 'Double-Sided (Duplex) Print': 'YES', 'Mono Print Speed': '35 A4 pages per minute; 20 A3 pages per minute'}"
ebatteriestogo.com/p-645-lenovo-108v-4400mah-li-ion-9322007513.aspx,_:node3f1a85d6c6e5943461ed501163a687f1,"{'Manufacturer:': 'LENOVO', 'Cold Cranking Amps:': 'N/A', 'Length:': '8.12 inches', 'Width:': '1.64 inches', 'Capacity:': '4400.00', 'Model #:': 'LTLI-9061-4.4', 'Warranty:': '1 Year', 'SKU #:': 'LTLI-9061-4.4', 'Voltage:': '10.80', 'Chemistry:': 'LI-ION', 'Weight:': '0.64 lbs', 'Height:': '1.08 inches'}"
ebatteriestogo.com/p-8-acer-111v-4400mah-li-ion-9322008015.aspx,_:node78faf386226cf7a5e9223fcda21ab050,"{'Manufacturer:': 'ACER', 'Cold Cranking Amps:': 'N/A', 'Length:': '7.95 inches', 'Width:': '1.68 inches', 'Capacity:': '4400.00', 'Model #:': 'LTLI-9114-4.4', 'Warranty:': '1 Year', 'SKU #:': 'LTLI-9114-4.4', 'Voltage:': '11.10', 'Chemistry:': 'LI-ION', 'Weight:': '0.64 lbs', 'Height:': '0.81 inches'}"
eclipsecomputers.com/Product/Intel-Core-i5-3570K-IvyBridge-Quad-Core-3-40GHz-LGA1155/,_:nodef54a80e1c16a44669313fa29dec0f972,"{'Other :': 'With Heat Sink Fan', 'Price :': 'Â£197.40', 'EAN :': '', 'Cache :': '6Mb', 'Weight (kg) :': '1.25', 'Model :': 'BX80637I53570K', 'Front Side Bus :': '5 GT / s DMI', 'Item :': 'Intel Core i5 3570K IvyBridge Quad-Core 3.40GHz LGA1155', 'Core Type :': 'Ivy Bridge', 'Socket Compatability :': 'LGA1155', 'Capacity :': '3.4Ghz', 'Item Code :': 'CPI-I53570K', 'Brand :': 'Intel', 'Type :': 'Retail'}"
ncix.com/products/?sku=70541&vpn=BX80637I53570K&manufacture=Intel&promoid=1267,_:node1b4f6a10db1e47b09648aea63435b6d,"{'Posted by:': 'Logain23 @05/10/12', 'Depth': '1.5""', 'L2 Cache': '1 MB', 'Processor Manufacturer': 'Intel', 'Graphics Controller Manufacturer': 'Intel', 'Thermal Design Power': '77 W', 'Width': '1.5""', 'Processor Socket': 'Socket H2 LGA-1155', '64-bit Processing': 'Yes', 'Graphics Controller Model': 'HD 4000 Graphics', 'ProductId': '1022136791', 'L3 Cache': '6 MB', 'Process Technology': '22 nm', 'Processor Core': 'Quad-core (4 Core)', 'Direct Media Interface': '5 GT/s', 'Clock Speed': '3.40 GHz', 'Comment:': 'Compares the new 3570k to the 2500k and the 3770k', 'URL:': 'http://www.bit-tech.net/hardware/cpus/2012/05/01/intel-core-i5-3570k-c'}"
harddrivesdirect.com/canada/product_info.php?cPath=&products_id=456878,_:node47ac18681fda948eab787038384061cc,"{'': '', 'Products ID': '456878', 'Category': 'IBM HardDrive', 'HDD Form Factor': '2.5 inches SFF Slim', 'Enclosure': 'Internal', 'Interface (Detailed)': 'Serial Attached SCSI (SAS)', 'External Data Transfer Rate': '600MB/s', 'Buffer Size': '16MB', 'Part Number': '42D0672-5Pack', 'Average Latency': '2ms', 'Sub-Category': '15K', 'Hot Swap': 'Yes', 'Spindle Speed': '15000RPM', 'Generation': 'SAS Slim', 'Capacity': '73GB', 'Interface': 'SAS', 'Seek Time': '2ms'}"
sillworks.com/canada/product_info.php?products_id=456878,_:nodeddf8d3c1dc675c546fe2484cb91bce55,"{'Enclosure': 'Internal', '': '', 'Average Latency': '2ms', 'Buffer Size': '16MB', 'Products ID': '456878', 'Part Number': '42D0672-5Pack', 'Seek Time': '2ms', 'Hot Swap': 'Yes', 'Interface (Detailed)': 'Serial Attached SCSI (SAS)', 'Category': 'IBM HardDrive', 'Generation': 'SAS Slim', 'Interface': 'SAS', 'Capacity': '73GB', 'HDD Form Factor': '2.5 inches SFF Slim', 'Spindle Speed': '15000RPM', 'External Data Transfer Rate': '600MB/s', 'Sub-Category': '15K'}"
usapartsdirect.com/canada/product_info.php?products_id=456878,_:nodea8bb90e18e74cf1a7124b24809945f2,"{'Enclosure': 'Internal', '': '', 'Average Latency': '2ms', 'Buffer Size': '16MB', 'Products ID': '456878', 'Part Number': '42D0672-5Pack', 'Seek Time': '2ms', 'Hot Swap': 'Yes', 'Interface (Detailed)': 'Serial Attached SCSI (SAS)', 'Category': 'IBM HardDrive', 'Generation': 'SAS Slim', 'Interface': 'SAS', 'Capacity': '73GB', 'HDD Form Factor': '2.5 inches SFF Slim', 'Spindle Speed': '15000RPM', 'External Data Transfer Rate': '600MB/s', 'Sub-Category': '15K'}"
harddrivesdirect.com/canada/product_info.php?manufacturers_id=11&products_id=459301,_:node584fda1f4147c5975c3b41d3361d999a,"{'': '', 'Spindle Speed': '10000RPM', 'Part Number': '653957-001', 'Type': 'Hard Drive - Hot-Swap', 'Interface Type': 'Serial Attached SCSI', 'Category': 'Proliant HardDrive', 'Sub-Category': '10K', 'Data Transfer Rate': '6G = 6Gb/sec (750 MB/s)', 'Products ID': '459301', 'Capacity': '600GB', 'Generation': 'SAS SC'}"
serverpartsdirect.com/product_info.php?products_id=459301,_:node2bcf7c71d9d72445cee661448a862d73,"{'': '', 'Sub-Category': '10K', 'Capacity': '600GB', 'Generation': 'SAS SC', 'Part Number': '653957-001', 'Interface Type': 'Serial Attached SCSI', 'Data Transfer Rate': '6G = 6Gb/sec (750 MB/s)', 'Category': 'Proliant HardDrive', 'Products ID': '459301', 'Type': 'Hard Drive - Hot-Swap', 'Spindle Speed': '10000RPM'}"
sillworks.com/canada/product_info.php?manufacturers_id=11&products_id=472474,_:nodebacb84a6f81a9eda0b98b32564371c,"{'': '', 'Data Transfer Rate': '6G = 6Gb/sec (750 MB/s)', 'Capacity': '600GB', 'Generation': 'SAS SC', 'Type': 'Hard Drive - Hot-Swap', 'Sub-Category': '10K', 'Category': 'Proliant HardDrive', 'Products ID': '472474', 'Interface Type': 'Serial Attached SCSI', 'Part Number': '653957-001-SC', 'Spindle Speed': '10000RPM'}"
usapartsdirect.com/canada/product_info.php?products_id=463394,_:noded92185b124e03d680138b50192efa91,"{'': '', 'Data Transfer Rate': '6G = 6Gb/sec (750 MB/s)', 'Capacity': '600GB', 'Generation': 'SAS SC', 'Type': 'Hard Drive - Hot-Swap', 'Sub-Category': '10K', 'Category': 'Proliant HardDrive', 'Products ID': '463394', 'Interface Type': 'Serial Attached SCSI', 'Part Number': '653957-001-10Pack', 'Spindle Speed': '10000RPM'}"
harddrivesdirect.com/canada/product_info.php?manufacturers_id=11&products_id=474056,_:node6ee1236a3d8e1a65bc392ce7dfcee92,"{'Products ID': '474056', 'Capacity': '600GB', 'Ports': 'Dual Port', 'Interface Type': 'Serial Attached SCSI', 'Sub-Category': '10K', 'Type': 'Hard Drive - Hot-Swap', 'Part Number': '785073-B21', 'Data Transfer Rate': '12GB/s', 'Generation': 'SAS', 'Spindle Speed': '10000RPM', 'Category': 'Proliant HardDrive'}"
harddrivesdirect.com/canada/product_info.php?products_id=1069&currency=CAD,_:node12afc2f4a2b6bf3db14beea141285477,"{'Supported RAID Level': 'RAID 0 1 0+1 4 5', 'Products ID': '1069', '# of External Connectors': '2', 'Category': 'Proliant', 'Platform': 'PC, Unix, Sun', 'Part Number': '295636-B21', 'SCSI Interface': 'Wide Ultra2 SCSI', 'Maximum Supported Devices': '56', 'Bus Type': 'PCI', 'Controller Type': 'SCSI Controller', 'Sub-Category': 'Controller', 'Data Transfer Rate': '80MB/s', 'Recommended Machine Type': 'Server', 'Enclosure': 'Internal', 'Generation': 'Ultra2', '# of Internal Connectors': '2', 'Buffer Size': '64MB'}"
harddrivesdirect.com/canada/product_info.php?products_id=14047,_:nodeb358ab52eaca4d1a4c8d6ab66c5c34,"{'Dimensions (WxDxH)': '17.6 in x 28.86 x 10.5 in', 'Part Number': '359558-B21', 'Installed RAM': '1024MB', 'Data Link Protocol': 'Ethernet, Fast Ethernet, Gigabit Etherne', 'Category': 'Proliant Server', 'Storage Controller Type': 'SCSI', 'RAID Support': 'RAID 0, RAID 1, RAID 10, RAID 5', 'Form Factor': 'Blade', 'Maximum RAM': '8GB', 'Processor': 'Xeon 2.8GHz', 'RAM Technology': 'DDR SDRAM', 'Products ID': '14047', 'Sub-Category': 'BL20', 'Installed L2 Cache Memory': '512KB', 'Generation': 'G2', 'Hard Drive Interface': 'SCSI Ultra160 (16-bit)', 'Networking Type': '10/100/1000 NetworkAdapter x 1'}"
harddrivesdirect.com/canada/product_info.php?products_id=455546&currency=CAD,_:node8a3048fbaed8384c3c9f9dfe3650a84b,"{'': '', 'Processor Type': 'Intel Xeon', 'Products ID': '455546', 'Process Technology': '65nm', 'Thermal Design Power': '80W', 'L1 Cache': '256KB', 'Category': 'Proliant Processor', 'Part Number': '437391-B21', 'Bus Speed': '1333MHz', 'Sub-Category': 'Xeon', 'Product Type': 'Processor Upgrade', 'L2 Cache': '8MB', 'Generation': 'G5', 'Processor Qty': '1', 'Processor Core': 'Quad-Core', 'Processor Socket': 'Socket J LGA-771', 'Clock Speed': '2.00GHz'}"
harddrivesdirect.com/canada/product_info.php?products_id=458070,_:nodea362d6fd58a0dfc6ec2c2d8aa9d68f2,"{'Products ID': '458070', 'Category': 'Proliant Option', 'Generation': 'DL360 G5', 'Sub-Category': 'Fan Module', 'Part Number': '412212-001'}"
harddrivesdirect.com/canada/product_info_DL160_G6_HardDrives.php?products_id=460131_DL160_G6_HardDrives,_:node5ea3d2a3d6824842e9c282dbb926ea,"{'': '', 'Form Factor': '3.5 inches', 'Category': 'Hard Drive', 'Average Seek Time': '10ms', 'Product ID': '460131_DL160_HardDrives', 'Connector': 'Serial ATA 7-pin', 'Connector Type': 'SATA 3.0GB/s', 'Part Number': 'DL160 458939-B21-5Pack', 'Sub-Category': '7.2K', 'Manufacturer': 'DL160', 'Target Use': 'Server', 'Spindle Speed': '7200RPM', 'Generation': 'SATA NHP', 'Hard Drive Capacity': '250GB', 'Data Transfer Rate': '3.0GB/s', 'Enclosure Type': 'Internal'}"
harddrivesdirect.com/canada/product_info_HP__HardDrives.php?products_id=144156_HP__HardDrives&currency=CAD,_:nodec418e73dc59c1d8567e3c33d45657123,"{'External Data Transfer': '3072MB/s', 'Interface': 'Serial Attached SCSI (SAS)', 'Category': 'Hard Drive', 'Product ID': '144156_HP_HardDrives', 'Spindle Speed': '15000RPM', 'Drive Dimensions': '3.5 inches x 1/3H (Low Profile)', 'Hot Swap Tray': 'Included/Attached', 'Pre-Failure Warranty': 'Yes', 'Part Number': 'HP 376595-001-2Pack', 'Package Qty': '2', 'Sub-Category': '15K', 'Manufacturer': 'Hewlett Packard', 'HotSwap': 'Yes', 'Enclosure': 'Internal', 'Generation': 'SAS', 'Capacity': '146GB', 'Seek Time': '3.5ms'}"
harddrivesdirect.com/canada/product_info_ML350_G4p_HardDrives.php?products_id=144154_ML350_G4p_HardDrives,_:node395169eafba786c63dc31da14d56defb,"{'Interface': 'Serial Attached SCSI (SAS)', 'Category': 'Hard Drive', 'Product ID': '144154_ML350_HardDrives', 'Spindle Speed': '15000RPM', 'Drive Dimensions': '3.5 inches x 1/3H (Low Profile)', 'Hot Swap Tray': 'Included/Attached', 'Pre-Failure Warranty': 'Yes', 'Part Number': 'ML350 376594-001-5Pack', 'Package Qty': '5', 'Sub-Category': '15K', 'Manufacturer': 'Hewlett Packard', 'HotSwap': 'Yes', 'Enclosure': 'Internal', 'Generation': 'SAS', 'Capacity': '72GB'}"
harddrivesdirect.com/product_info.php?cPath=&products_id=142976,_:noded74cdcba8c1f85f9eeeeb40b78a647d,"{'': '', 'Processor Type': 'AMD Opteron', 'Products ID': '142976', 'Process Technology': '90nm', 'Thermal Design Power': '92.6W', 'Category': 'Proliant Processor', 'HyperTransport Speed': '1000MHz', '64-bit Processing': 'Yes', 'Part Number': '399087-B21', 'Sub-Category': 'Opteron', 'Product Type': 'Processor Kit', 'L2 Cache': '1MB', 'Generation': 'G1', 'Processor Qty': '1', 'Processor Core': 'Single-Core', 'Processor Socket': 'Socket PGA-940', 'Clock Speed': '2.8GHz'}"
harddrivesdirect.com/product_info.php?cPath=&products_id=143007,_:node6596eeaaeb9920fb5ec0a6da8bec2e7d,"{'RAM (Installed)': '1 GB', '': '', 'Cache Memory (installed)': '1 MB', 'Products ID': '143007', 'Controller RAID Level': 'RAID 0, RAID 1, RAID 10, RAID 5', 'RAM Technology': 'DDR SDRAM', 'Category': 'Proliant Server', 'Chassis Form': 'Blade', 'Part Number': '347957-B21', 'Sub-Category': 'BL20', 'Networking Protocol': 'Ethernet, Fast Ethernet, Gigabit Etherne', 'Generation': 'G3', 'Hard Drive Type': 'Hot-swap', 'Model': 'ProLiant BL20p', 'RAM (maximum)': '8 GB'}"
harddrivesdirect.com/product_info.php?cPath=&products_id=459295,_:nodee738b8a7b071c64546133ff8c930e367,"{'Speed': '6G = 6Gb/sec (750 MB/s)', 'Generation': 'SAS SC', 'Part Number': '652625-001', 'Products ID': '459295', 'Sub-Category': '15K', '': '', 'Type': 'Hard Drive - Hot-Swap', 'Category': 'Proliant HardDrive', 'Capacity': '146GB', 'Spindle Speed': '15000RPM', 'Interface Type': 'Serial Attached SCSI'}"
harddrivesdirect.com/product_info.php?manufacturers_id=10&products_id=458882,_:nodee7994ea1ed33c05ee9cc8b7c41f9d6a,"{'': '', 'Products ID': '458882', 'Backward Compatability': 'U2 and U3 speeds', 'Bytes/Sec': '512', 'Category': 'Dell HardDrive', 'Cache': '8MB', 'Enclosure': 'Internal', 'Pre-Failure Warranty': 'Yes', 'Part Number': '341-2118-5Pack', 'Sub-Category': '10K', 'Data Transfer Rate': '320MB/s', 'Spindle Speed': '10000RPM', 'Generation': 'Ultra320', 'Capacity': '146GB', 'Disk Size': '5.75 inches x 4.0 inches x 1.0 inch', 'Application': 'Server Storage', 'Interface': 'Ultra320 SCSI', 'Seek Time': '4.9ms', 'Manufacturer': 'Dell'}"
harddrivesdirect.com/product_info.php?products_id=455117,_:nodef43aa738ccd4c99b35d77797a9f0a4,"{'Capacity': '146GB', 'Generation': 'SAS', 'Average Seek Time': '4ms', 'Sub-Category': '10K', 'Products ID': '455117', 'Part Number': 'DG146ABAB4-5Pack', 'Category': 'Proliant HardDrive', 'Type': 'Hard Drive - Hot Swap', 'Ports': 'Single', 'Data Transfer Rate': '300MB/s', 'Form Factor': 'Small 2.5 inches (SFF)', 'Interface Type': 'Serial Attached SCSI'}"
harddrivesdirect.com/product_info.php?products_id=455581&currency=USD,_:nodeaf57548dd26c3c1f9c8d0ba384260c,"{'': '', 'Processor Type': 'Intel Xeon', 'Products ID': '455581', 'Process Technology': '45nm', 'Thermal Design Power': '80W', 'L1 Cache': '256KB', 'Category': 'Proliant Processor', 'L3 Cache': '8MB', 'QuickPath Interconnect': '6.40GT/s', '64-bit Processing': 'Yes', 'Part Number': '507674-B21', 'Sub-Category': 'Xeon', 'Product Type': 'Processor Board', 'L2 Cache': '1MB', 'Generation': 'G6', 'Processor Qty': '1', 'Processor Core': 'Quad-Core', 'Processor Socket': 'Socket B LGA-1366', 'Clock Speed': '2.93GHz'}"
harddrivesdirect.com/product_info.php?products_id=457069,_:node677cf7e6f62d363a8e81fdcbd0c8c765,"{'External Data Transfer': '6GB/s', 'Products ID': '457069', 'Category': 'Proliant HardDrive', 'Enclosure': 'Internal', 'Drive Dimensions': '3.5 inches x 1', 'Hot Swap Tray': 'Included/Attached', 'Ports': 'Dual Port', 'Part Number': '507616-B21-2Pack', 'Limited Warranty': 'Yes', 'Sub-Category': '7.2K', 'Manufacturer': 'Hewlett Packard', 'HotSwap': 'Yes', 'Spindle Speed': '7200RPM', 'Generation': 'SAS', 'Capacity': '2TB', 'Interface': 'Serial Attached SCSI (SAS)', 'Seek Time': '8.5ms'}"
harddrivesdirect.com/product_info.php?products_id=458147&currency=USD,_:node67fb66e6265a98bfd88711e635f2c97,"{'Processor Type': 'Intel Xeon', 'Products ID': '458147', 'Process Technology': '45nm', 'Thermal Design Power': '80W', 'Category': 'Proliant Processor', 'L3 Cache': '2MB', 'Part Number': '364306-B21', '64-bit Processing': 'Yes', 'Bus Speed': '533MHz', 'Sub-Category': 'Intel Xeon', 'Product Type': 'Processor Upgrade', 'L2 Cache': '512KB', 'Generation': 'BL30p', 'Processor Qty': '1', 'Processor Core': 'Single-Core', 'Processor Socket': 'Socket PGA-604', 'Clock Speed': '3.2GHz'}"
harddrivesdirect.com/product_info.php?products_id=458257&currency=USD,_:node6da11cc37d8d50afd98fa218fea5afab,"{'Process Technology': '32nm', 'Processor Type': 'Intel Core', 'Products ID': '458257', 'Processor Socket': 'Socket LGA-1155', 'Processor Qty': '1', '': '', 'Product Type': 'Processor Kit', 'Thermal Design Power': '65W', 'L3 Cache': '3MB', '64-bit Processing': 'Yes', 'Category': 'Proliant Processor', 'Generation': 'G7', 'Sub-Category': 'Intel Xeon', 'Processor Core': 'Dual-Core', 'QuickPath Interconnect': '5.0GT/s', 'Clock Speed': '3.1GHz', 'Part Number': '644360-B21'}"
harddrivesdirect.com/product_info.php?products_id=458896&currency=USD,_:node1bd44991673bc0648755451829307d5b,"{'Compressed Capacity': '8GB', 'Generation': '4/8GB', 'Part Number': 'STD28000N', 'Products ID': '458896', 'Sub-Category': 'Tape Drive', 'Enclosure Type': 'Internal', '': '', 'Category': 'Seagate', 'Interface Type': 'SCSI', 'Native Capacity': '4GB', 'Tape Type': 'DAT'}"
harddrivesdirect.com/product_info_BL465c_G6_HardDrives.php?products_id=144222_BL465c_G6_HardDrives&currency=USD,_:nodea75bff74ba05a57f250452c6defabc8,"{'Manufacturer': 'BL465c', 'Capacity': '146GB', 'Interface Type': 'Serial Attached SCSI', 'Sub-Category': '10K', 'Type': 'Hard Drive - Hot-Swap', '': '', 'Part Number': 'BL465c 418367-B21', 'Product ID': '144222_BL465c_HardDrives', 'Generation': 'SAS', 'Spindle Speed': '10000RPM', 'Category': 'Hard Drive'}"
harddrivesdirect.com/product_info_DL160_G5_HardDrives.php?products_id=144137_DL160_G5_HardDrives,_:node2b65965bc2d1aef783f19bd880698d96,"{'Manufacturer': 'DL160', 'Form Factor': '3.5 inches x 1/3H', 'Average Seek Time': '10ms', 'Connector': '22-position Serial ATA (SATA) Plug', 'Part Number': 'DL160 349239-B21-10Pack', 'Package Qty': '10', 'Generation': 'SATA', 'Capacity': '250GB', 'Category': 'Hard Drive', 'Interface Type': 'Serial ATA-150', 'Sub-Category': '7.2K', 'Type': 'HardDrive - Hot-Swap', 'Dimensions (WxH)': '4 in x 1 in', 'Data Transfer Rate': '150MB/s', 'Spindle Speed': '7200RPM', 'Product ID': '144137_DL160_HardDrives'}"
harddrivesdirect.com/product_info_DL165_G6_HardDrives.php?products_id=455147_DL165_G6_HardDrives,_:nodef2454948c3a5c3b043b92517b273c010,"{'Interface Type': 'Serial Attached SCSI', 'Category': 'Hard Drive', 'Spindle Speed': '10000RPM', 'Product ID': '455147_DL165_HardDrives', 'Ports': 'Dual Port', 'Speed': '6GB/s', 'Part Number': 'DL165 507127-B21-5Pack', 'Sub-Category': '10K', 'Manufacturer': 'DL165', 'Type': 'Hard Drive - Hot-Swap', 'Generation': 'SAS', 'Capacity': '300GB'}"
harddrivesdirect.com/product_info_DL165_G6_HardDrives.php?products_id=455188_DL165_G6_HardDrives&currency=USD,_:node81c776db9c5712f4ab949d7998229c31,"{'': '', 'Generation': 'SAS', 'Part Number': 'DL165 418371-B21-5Pack', 'Sub-Category': '15K', 'Manufacturer': 'DL165', 'Type': 'Hard Drive - Hot-Swap', 'Category': 'Hard Drive', 'Capacity': '72GB', 'Spindle Speed': '15000RPM', 'Product ID': '455188_DL165_HardDrives', 'Interface Type': 'Serial Attached SCSI'}"
harddrivesdirect.com/product_info_DL165_G7_HardDrives.php?products_id=454478_DL165_G7_HardDrives&currency=USD,_:noded7bf818677c6469ffabb35a9b56b539,"{'External Data Transfer': '3072MB/s', 'Interface': 'Serial Attached SCSI (SAS)', 'Category': 'Hard Drive', 'Product ID': '454478_DL165_HardDrives', 'Spindle Speed': '15000RPM', 'Drive Dimensions': '3.5 inches x 1/3H (Low Profile)', 'Hot Swap Tray': 'Not Included', 'Pre-Failure Warranty': 'Yes', 'Part Number': 'DL165 432095-B21', 'Package Qty': '1', 'Sub-Category': '15K', 'Manufacturer': 'Hewlett Packard', 'HotSwap': 'No', 'Enclosure': 'Internal', 'Generation': 'SAS NHP', 'Capacity': '72GB', 'Seek Time': '3.5ms'}"
harddrivesdirect.com/product_info_DL165_G7_HardDrives.php?products_id=455346_DL165_G7_HardDrives,_:node58562684bbe9bd9541bbbfe8649c72b8,"{'External Data Transfer': '3072MB/s', 'Interface': 'Serial Attached SCSI (SAS)', 'Category': 'Hard Drive', 'Product ID': '455346_DL165_HardDrives', 'Spindle Speed': '10000RPM', 'Drive Dimensions': '3.5 inches x 1/3H (Low Profile)', 'Hot Swap Tray': 'Not Included', 'Pre-Failure Warranty': 'Yes', 'Part Number': 'DL165 508232-B21-5Pack', 'Package Qty': '5', 'Sub-Category': '10K', 'Manufacturer': 'Hewlett Packard', 'HotSwap': 'No', 'Enclosure': 'Internal', 'Generation': 'SAS NHP', 'Capacity': '400GB', 'Seek Time': '3.5ms'}"
harddrivesdirect.com/product_info_DL165_G7_HardDrives.php?products_id=455346_DL165_G7_HardDrives,_:nodeb9c14a25fe64407ea321b71ac53a6e9,"{'External Data Transfer': '3072MB/s', 'Interface': 'Serial Attached SCSI (SAS)', 'Category': 'Hard Drive', 'Product ID': '455346_DL165_HardDrives', 'Spindle Speed': '10000RPM', 'Drive Dimensions': '3.5 inches x 1/3H (Low Profile)', 'Hot Swap Tray': 'Not Included', 'Pre-Failure Warranty': 'Yes', 'Part Number': 'DL165 508232-B21-5Pack', 'Package Qty': '5', 'Sub-Category': '10K', 'Manufacturer': 'Hewlett Packard', 'HotSwap': 'No', 'Enclosure': 'Internal', 'Generation': 'SAS NHP', 'Capacity': '400GB', 'Seek Time': '3.5ms'}"
harddrivesdirect.com/product_info_DL385_G6_HardDrives.php?products_id=144322_DL385_G6_HardDrives,_:nodea54ff13aa55780638bfa24933391881,"{'': '', 'Interface': 'Serial Attached SCSI (SAS)', 'Category': 'Hard Drive', 'Product ID': '144322_DL385_HardDrives', 'Spindle Speed': '15000RPM', 'Drive Dimensions': '3.5 inches x 1/3H (Low Profile)', 'External Data Transfer Rate': '3072MB/s', 'Pre-Failure Warranty': 'Yes', 'Part Number': 'DL385 432146-001', 'Average Latency': '2ms', 'Sub-Category': '15K', 'Manufacturer': 'Hewlett Packard', 'Hot Swap': 'Yes - Tray included', 'Enclosure': 'Internal', 'Generation': 'SAS', 'Capacity': '300GB', 'Seek Time': '3.5ms'}"
harddrivesdirect.com/product_info_HP__HardDrives.php?products_id=144344_HP__HardDrive,_:node40c74c42cb66d39bf7c040cba9f3615d,"{'Interface Type': 'Serial Attached SCSI', 'Ports': 'Dual', 'Category': 'Hard Drive', 'Generation': 'SAS', 'Spindle Speed': '10000RPM', 'Capacity': '146GB', 'Form Factor': 'Small 2.5 inches (SFF)', 'Part Number': 'HP DG146BAAJB', 'Product ID': '144344_HP_HardDrives', 'Manufacturer': 'HP', 'Type': 'Hard Drive - Hot-Swap', 'Sub-Category': '10K'}"
harddrivesdirect.com/product_info_HP__HardDrives.php?products_id=459231,_:node30d37b1b68e59112f98dfc469aef57,"{'Manufacturer': 'Hewlett Packard', 'Capacity': '450GB', 'Interface': 'Serial Attached SCSI (SAS)', 'Pre-Failure Warranty': 'Yes', 'HotSwap': 'Yes', 'Seek Time': '3.5ms', 'Part Number': 'HP 652615-B21', 'Generation': 'SAS SC', 'Data Transfer Rate': '6G = 6Gb/sec (750 MB/s)', 'Spindle Speed': '15000RPM', 'Hot Swap Tray': 'Included/Attached', 'Sub-Category': '15K', 'Drive Dimensions': '3.5 inches x 1/3H (Low Profile)', 'Category': 'Hard Drive', '': '', 'Enclosure': 'Internal', 'Product ID': '459231_HP_HardDrives'}"
harddrivesdirect.com/product_info_HP__HardDrives.php?products_id=459715_HP__HardDrive,_:node70f46215a042fd6b868161e4721e9,"{'': '', 'Interface': 'Serial Attached SCSI (SAS)', 'Category': 'Hard Drive', 'Product ID': '459715_HP_HardDrives', 'Spindle Speed': '7200RPM', 'Drive Dimensions': '3.5 inches x 1/3H (Low Profile)', 'Hot Swap Tray': 'Included/Attached', 'Pre-Failure Warranty': 'Yes', 'Part Number': 'HP MB2000FBZPN-10Pack', 'Sub-Category': '7.2K', 'Manufacturer': 'Hewlett Packard', 'HotSwap': 'Yes', 'Enclosure': 'Internal', 'Generation': 'SAS SC', 'Capacity': '2TB', 'Seek Time': '3.5ms', 'Data Transfer Rate': '6G = 6Gb/sec (750 MB/s)'}"
harddrivesdirect.com/product_info_HP__HardDrives.php?products_id=460137_HP__HardDrive,_:noded1be156f5bb5f9d2a91e2dfbc1b9f6,"{'Manufacturer': 'HP', 'Connector': 'Serial ATA 7-pin', '': '', 'Form Factor': '3.5 inches', 'Part Number': 'HP 458947-B21-5Pack', 'Generation': 'SATA NHP', 'Average Seek Time': '10ms', 'Category': 'Hard Drive', 'Target Use': 'Server', 'Sub-Category': '7.2K', 'Data Transfer Rate': '3.0GB/s', 'Connector Type': 'SATA 3.0GB/s', 'Hard Drive Capacity': '160GB', 'Product ID': '460137_HP_HardDrives', 'Spindle Speed': '7200RPM', 'Enclosure Type': 'Internal'}"
harddrivesdirect.com/product_info_ML370_G6_HardDrives.php?products_id=144135_ML370_G6_HardDrives,_:node5de4bc6fb4e6f727432d88f11d999f35,"{'Interface Type': 'Serial ATA-150', 'Form Factor': '3.5 inches x 1/3H', 'Category': 'Hard Drive', 'Average Seek Time': '9ms', 'Spindle Speed': '7200RPM', 'Product ID': '144135_ML370_HardDrives', 'Connector': '22-position Serial ATA (SATA) Plug', 'Part Number': 'ML370 349238-B21-5Pack', 'Package Qty': '5', 'Sub-Category': '7.2K', 'Manufacturer': 'ML370', 'Type': 'Hard Drive - Hot-Swap', 'Generation': 'SATA', 'Capacity': '160GB', 'Dimensions (WxH)': '4 in x 1 in', 'Data Transfer Rate': '150MB/s'}"
kinetiklamps.co.uk/SIM2/HT5000E-Z933791630-APOG-9016,_:nodea4627215cc05d17eab9eda1d64b1f0,"{'Brand:': 'SIM2', 'Mfr. Part No:': 'Z933791630', 'Source:': 'Genuine Lamp with Compatible Housing', 'Model:': 'HT5000E', 'Warranty:': '365 days'}"
memory4less.com/amd-processor-osa244cep5au,_:nodeb5d0f4d3af8e69f06f7bca3617513264,"{'Manufacturer Part Number': 'OSA244CEP5AU', 'Process Technology': '130 nm', 'Thermal Design Power': '82.10 W', 'Brand Name': 'AMD', 'Input Voltage': '1.5 V DC', 'Processor Manufacturer': 'AMD', 'Thermal Specification': '158Â°F (70Â°C)', 'Product Type': 'Processor', 'L2 Cache': '1 MB', 'Processor Core': 'Single-core (1 Core)', 'Processor Socket': 'Socket PGA-940', 'Clock Speed': '1.80 GHz'}"
ncix.com/products/?sku=79307&vpn=WD1001FYYG&manufacture=Western%20Digital%20WD,_:noded450a3c553274be4f6413eee95cc45e,"{'Drive Width': '3.5""', 'Spindle Speed (rpm)': '7200', 'Height': '1""', 'Green Compliance Certificate/Authority': 'RoHS', 'Weight (Approximate)': '1.66 lb', 'ProductId': '1023225190', 'Drive Interface': 'SAS', 'Storage Capacity': '1 TB', 'Width': '4""', 'Drive Type': 'Internal', 'Depth': '5.8""', 'Buffer': '32 MB', 'Drive Interface Standard': '6Gb/s SAS', 'Green Compliant': 'Yes'}"
novatech.co.uk/products/8th-generation-intel-core-core-i7-8700k-3-7ghz-socket-lga1151-coffee-lake-processor-retail/bx80684i78700k,_:nodea39278501a2244fa3732886e465030c2,"{'Max Resolution (eDP - Integrated Flat Panel)â¡': '[email\xa0protected]', 'Max Turbo Frequency': '4.7GHz', 'Number of Threads': '12', 'Max Resolution (HDMI 1.4)â¡': '[email\xa0protected]', 'TJunction': '100Â°C', 'Architecture': '14nm technology', 'Max Resolution (DP)â¡': '[email\xa0protected]', 'Bus Speed': '8 GT/s DMI3', 'Package Size': '37.5mm x 37.5mm', 'Embedded Options Available': 'No', 'Number of Cores': '6', 'Processor Graphics': 'Intel HD 630', 'Cache': '12MB', 'Cooler Included': 'No', 'DirectX* Support': '12', 'Max CPU Configuration': '1', 'Graphics Max Dynamic Frequency': '1.2 GHz', 'Thermal Solution Specification': 'PCG 2015C (130W)', 'Processor Number': 'I7 7800K', 'IntelÂ® InTruâ¢ 3D Technology': 'Yes', '# of Displays Supported â¡': '3', 'OpenGL* Support': '4.5', 'Max Video Memory': '64 GB', 'IntelÂ® Quick Sync Video': 'Yes', 'Max TDP': '95 W', 'IntelÂ® Clear Video Technology': 'Yes', 'Device ID': '0x3E92', 'Graphics Base Frequency': '350 MHz', 'Execution Units': '24', 'Clock Speed': '3.7GHz', 'IntelÂ® Clear Video HD Technology': 'Yes', '4K Support': 'Yes, at 60Hz', 'Low Halogen Options Available': 'See MDDS'}"
ontimesupplies.com/trgapa32us-90w-ac-dc-charger-with-inline-usb-adapter-black,_:nodec371e1e27a065e2c484fd1343208456,"{'Electronic/Mechanical': 'Electronic', 'OEM/Compatible': 'OEM', 'Ships via UPS?': 'y', 'Adapter/Charger Type': 'AC Adapter', 'OTS Product ID': '8771396', 'For Device Type': 'Laptops, Mobile Devices', 'Power Source(s)': 'AC Wall Outlet', 'Post-Consumer Recycled Content Percent': '0%', 'Manufacturer Stock No.': 'APA32US', 'Unit of Measure': 'EA', 'Brand': 'TargusÂ® \xa0(website)', 'Carton Pack Quantity': '12 EA', 'Tariff (Inbound) Code': '', 'For Use With': 'AcerÂ®, AsusÂ®, CompaqÂ®, DellÂ®, Fujitsu, GatewayÂ®, HP, IBMÂ®, LenovoÂ®, PanasonicÂ®, SonyÂ®, ToshibaÂ®', 'Total Recycled Content Percent': '0%', 'UNSPSC Number': '26111704', 'Brand Contact': '714-765-5555', 'Connector/Port/Interface': 'USB', 'Global Product Type': 'Adapters/Chargers-AC Adapters & Wall Chargers', 'Retail UPC': '092636262266', 'Pre-Consumer Recycled Content Percent': '0%', 'Color(s)': 'Black', 'Capacity': '90W', 'Country of Origin': 'CN', 'Item Weight': '1.300 lbs', 'Meets ANSI/BIFMA?': '092636262266'}"
overclock.net/products/thermalright-ty-147-140mm-case-fan-ty-147,_:nodef0cc49f23dcc3084f8c78185dbd41ab9,"{'ProductGroup': 'PC Accessory', 'ProductTypeName': 'COMPUTER_COOLING_DEVICE', 'MPN': 'TY-147', 'Feature': 'Thermalright TY-147 140mm Case Fan (TY-147) ThermalRight TY-147', 'PartNumber': 'TY-147', 'UPCList - UPCListElement': '851905114374', 'EAN': '0851905114374', 'Item Weight': '1 pounds', 'Manufacturer': 'ThermalRight', 'UPC': '851905114374', 'Brand': 'Thermalright', 'Label': 'ThermalRight', 'Title': 'Thermalright TY-147 140mm Case Fan (TY-147)', 'Binding': 'Personal Computers', 'Studio': 'ThermalRight', 'Publisher': 'ThermalRight'}"
parts-people.com/index.php?action=item&id=5553,_:node45808ecfce1b146e4ac0a2b8c22c288c,"{'Warranty': 'One (1) Year [?]', 'Item Weight': '1.15 lb(s).', 'Part Number': '640M_frame', 'Item Category': 'Rail/Bracket', 'Condition': 'Gently Used ? X What does ""Gently Used"" mean? Item pulled from working system; may have been used for a short period of time, tested and verified to be in perfect working condition. Includes 1 Year Warranty & Hassle Free 30 Day Returns. see all product conditions >>'}"
play-asia.com/sandisk-extreme-900-portable-ssd-960gb-usb-31/13/70bf3v,_:nodef722f651c44cbebeb65bc8586b7bc8,"{'Catalog No.\xa0': 'SDSSDEX2-960G-G25', 'PAX-Code': 'PAX0009057804', 'Official Release Date\xa0': 'Jun 05, 2017', 'Item Code\xa0': '0619659134433', 'Product Measures': '13.3cm x 8.2cm x 1.8cm', 'Genre\xa0': 'Solid-State Drive (External)'}"
priceblaze.com/9xt260-251,_:nodea8944b77899df6161fdaa77813998ddd,"{'Speed': '7200 RPM', 'Interface': 'SAS 6.0 Gbps', 'Condition': 'Refurbished', 'Availability': 'In Stock', 'Category': 'Internal Hard Drive', 'Part #': '9XT260-251', 'Cache': '64 MB', 'Brand': 'Seagate', 'Size': '3.5-inch', 'Capacity': '3TB'}"
quietpc.com/na-ds-92-pwm,_:nodeeea0f7e832dd50496479bbd274c5c,"{'Rotation Speed': '500 - 1400 RPM (Â± 10%)', 'Rated Current': '0.10 A', 'Durability': '80,000 h', 'Airflow': '23.6 CFM Max', 'EAN barcode': '4260285292903', 'Acoustical Noise': '13.7 dB(A) Max', 'Voltage Range': '5 - 12 V', 'Cable Length': '44 cm', 'Connector': '4-pin PWM', 'Warranty': '24 months', 'Rated Power': '1.20 W', 'Static Pressure': '1.87 mm H2O Max', 'Size': '92 x 92 x 25 mm'}"
scan.co.uk/products/novation-61-sl-mk-ii-usb-midi-controller-keyboard-61-keys-2-wheels-8-faders-16-knobs-8-pads-32-led-b,_:node898b549d2b6a8f1379e9adabaaf7b4,"{'Product Weight': 'kg', 'Connections': '1 x Expression Pedal 1 x MIDI In 2 x MIDI Out 1 x Sustain Pedal 1 x USB', 'Key Size': 'Full Size Keys', 'Transport Controls': 'Yes', 'Number Of Keys': '61', 'Included Software': 'Ableton Live Lite 9', 'Weighted Keys': 'Semi', 'USB Bus Powered': 'Yes', 'Dimensions': '803(W) x 293(D) x 68(H)mm'}"
shop.clublaptop.com/laptop-battery/compatible-laptop-battery-hp-dv4015cl-dv4015ea-dv4016ap-dv4016ea/p-7131560-16870184403-cat,_:node44a2b1ddeda6cd24d8bdbe4bd53cc7a1,"{'Product Code': 'LB CL HPK DV1000-81', 'Capacity': '4400 mAh', 'Type': 'Lithium-ion', 'Cells': '6', 'Brand': 'Clublaptop', 'Color': 'Black'}"
shopblt.com/item/4xem-35ft-cat6-blue-molded-patch/4xem_4xc6patch35bl,_:node55eedc44666d7cb4f9e18ca357b21e6,"{'Description:': '35ft Cat6 Blue Molded Patch Cable', 'Mfg. Part #:': '4XC6PATCH35BL', 'Mfg. & Model:': '4XEM 4XC6PATCH35BL', 'UPC:': '873791003952', 'Price:': '$9.52'}"
shopblt.com/item/aver-upgrade-evc300-4port-licenses/aver_comselc4p,_:node4baf52719a96c54c87282b629d5c09f,"{'Manufacturer:': 'AVer', 'BLT Item #:': 'BYZ2099', 'Description:': 'UPGRADE EVC300 4PORT LICENSES (ORDERED AS NEEDED FROM MFG)', 'Return Policy:': 'Standard BLT Return Policy', 'Mfg. & Model:': 'AVer COMSELC4P', 'Price:': '$3,995.31', 'Mfg. Part #:': 'COMSELC4P', ""Manufacturer's website:"": 'http://www.aver.com/', 'Weight:': '1 lbs.', 'Manufacturer Part #:': 'COMSELC4P', 'UPC:': '848090004115'}"
shopblt.com/item/juniper-networks-cbl-m-pwr-ra-us-m320-ac-power/netscn_cblmpwrraus,_:nodec827edd8b26627331377d7ad3d445d5,"{'Manufacturer:': 'Juniper Networks', ""Manufacturer's website:"": 'http://www.juniper.net/', 'Length:': '13.00', 'Dimensions:': '12.7"" x 7"" x 5.2""', 'Price:': '$59.02', 'Manufacturer Part #:': 'CBL-M-PWR-RA-US', 'UPC:': '832938051867', 'BLT Item #:': 'BF56362', 'Description:': 'M320 AC POWER CABLE US RIGHT', 'Return Policy:': 'Returns / Exchanges: Sealed Product Only', 'Mfg. & Model:': 'Juniper Networks CBL-M-PWR-RA-US', 'Suggested Retail Price:': '$75.00', 'Mfg. Part #:': 'CBL-M-PWR-RA-US ( CBLMPWRRAUS )', 'Weight:': '1.95 lbs.', 'Product Type:': 'Standard Power Cord', 'Width:': '7.25'}"
sillworks.com/canada/product_info.php?cPath=&products_id=454472,_:nodeae4fe9cb778acb85aeb5d14561105bda,"{'': '', 'Processor Type': 'Intel Xeon', 'Products ID': '454472', 'Process Technology': '45nm', 'Thermal Design Power': '80W', 'Category': 'Proliant Processor', 'Part Number': '457935-B21', '64-bit Processing': 'Yes', 'Bus Speed': '1333MHz', 'Sub-Category': 'Xeon', 'Product Type': 'Processor Board', 'L2 Cache': '12MB', 'Generation': 'G5', 'Processor Qty': '1', 'Processor Core': 'Quad-Core', 'Processor Socket': 'Socket J LGA-771', 'Clock Speed': '2.66GHz'}"
sillworks.com/canada/product_info.php?products_id=141383&currency=CAD,_:nodee24f77835338949f2df68cca5d7815,"{'': '', 'Products ID': '141383', 'Power Management': 'Wake-on-LAN', 'Form Factor': 'Internal Adapter', 'Category': 'HP', 'Duplex Mode': 'Half Duplex, Full Duplex', 'Interface Compatibility': 'PCI-X', 'Networking Connectors': 'RJ-45', 'Standard Data Rate': '1Gbps, 10Mbps, 100Mbps', 'Power Requirements': '5 Volts', 'Max. Data Transfer Rate': '1000Mbps', 'Part Number': '313586-001', 'Bus Clock Bits': '32 bit, 64 bit', 'Sub-Category': 'Adapter', 'Generation': 'NC7170', 'Dimensions (WxD)': '2.5 in x 6.6 in', 'Bus Clock Rate': '33MHz, 66MHz, 133MHz'}"
sillworks.com/canada/product_info.php?products_id=141950,_:node3b134e24246283fe5cf3464764a020,"{'Special Features': 'Hot Plug', '': '', 'Power': '180 Watts per supply (load)', 'Products ID': '141950', 'Form Factor': 'Rack Mountable', 'Category': 'Proliant Storage', 'Shipping Dimensions': '12 x 23.5 x 33 in', 'Input voltage': '110-240 V AC', 'Buttons/LED Indicators': 'UID Button (top)', 'Protocol supported': '3Gb/s SAS 1.5Gb/s SATA', 'Part Number': '364430-B21', 'Sub-Category': 'StorageWorks', 'Generation': 'MSA50', 'Drive LED Indicators': 'Drive LED (top) - On-line/Activity', 'I/O Module Connector': 'SAS SFF 8470 Connector'}"
sillworks.com/canada/product_info.php?products_id=141950,_:node3b134e24246283fe5cf3464764a020,"{'Special Features': 'Hot Plug', '': '', 'Power': '180 Watts per supply (load)', 'Products ID': '141950', 'Form Factor': 'Rack Mountable', 'Category': 'Proliant Storage', 'Shipping Dimensions': '12 x 23.5 x 33 in', 'Input voltage': '110-240 V AC', 'Buttons/LED Indicators': 'UID Button (top)', 'Protocol supported': '3Gb/s SAS 1.5Gb/s SATA', 'Part Number': '364430-B21', 'Sub-Category': 'StorageWorks', 'Generation': 'MSA50', 'Drive LED Indicators': 'Drive LED (top) - On-line/Activity', 'I/O Module Connector': 'SAS SFF 8470 Connector'}"
sillworks.com/canada/product_info.php?products_id=15150&currency=CAD,_:node15f5959f8924c351faecfce6b4117a5d,"{'Capacity': '20GB', '': '', 'Seek Time': '8.55ms', 'Part Number': '231377-B21', 'Generation': '20GB', 'External Data Transfer Rate': '100MBps', 'Category': 'HP', 'Products ID': '15150', 'Platform': 'PC', 'Sub-Category': 'ATA IDE Drive', 'Average Latency': '4.17ms', 'Enclosure': 'Internal', 'Spindle Speed': '7200RPM'}"
sillworks.com/canada/product_info.php?products_id=15403,_:node102fc242819087846e88434c28bc6c,"{'RAM (Installed)': '1GB', '': '', 'Cache Memory (installed)': '1MB', 'Products ID': '15403', 'Controller RAID Level': 'RAID 0, RAID 1, RAID 10, RAID 5', 'RAM Technology': 'DDR SDRAM', 'Category': 'Proliant Server', 'Chassis Form': 'Blade', 'Part Number': '347955-B21', 'Sub-Category': 'BL20', 'Networking Protocol': 'Ethernet, Fast Ethernet, Gigabit Etherne', 'Generation': 'G3', 'Hard Drive Type': 'Hot-swap', 'Model': 'ProLiant BL20p', 'RAM (maximum)': '8GB'}"
sillworks.com/canada/product_info.php?products_id=15403,_:node102fc242819087846e88434c28bc6c,"{'': '', 'Controller RAID Level': 'RAID 0, RAID 1, RAID 10, RAID 5', 'Hard Drive Type': 'Hot-swap', 'Cache Memory (installed)': '1MB', 'Model': 'ProLiant BL20p', 'Chassis Form': 'Blade', 'Sub-Category': 'BL20', 'RAM (maximum)': '8GB', 'RAM Technology': 'DDR SDRAM', 'Generation': 'G3', 'RAM (Installed)': '1GB', 'Products ID': '15403', 'Part Number': '347955-B21', 'Category': 'Proliant Server', 'Networking Protocol': 'Ethernet, Fast Ethernet, Gigabit Etherne'}"
sillworks.com/canada/product_info.php?products_id=454472&currency=CAD,_:nodeb7d4934cb8d9527bf76b9edff9115e2,"{'': '', 'Process Technology': '45nm', 'Processor Core': 'Quad-Core', 'Bus Speed': '1333MHz', 'Product Type': 'Processor Board', 'Processor Socket': 'Socket J LGA-771', 'Part Number': '457935-B21', 'Generation': 'G5', 'Category': 'Proliant Processor', 'Products ID': '454472', 'Processor Qty': '1', 'L2 Cache': '12MB', '64-bit Processing': 'Yes', 'Sub-Category': 'Xeon', 'Clock Speed': '2.66GHz', 'Processor Type': 'Intel Xeon', 'Thermal Design Power': '80W'}"
sillworks.com/canada/product_info.php?products_id=455330,_:node8e8fdff73d22e1b294ca1f26e8c11a7d,"{'Capacity': '300GB', 'External Data Transfer': '3072MB/s', 'Interface': 'Serial Attached SCSI (SAS)', 'Pre-Failure Warranty': 'Yes', 'HotSwap': 'No', 'Package Qty': '1', 'Seek Time': '3.5ms', 'Part Number': '431950-B21-10Pack', 'Generation': 'SAS NHP', 'Spindle Speed': '15000RPM', 'Products ID': '455330', 'Sub-Category': '15K', 'Manufacturer': 'Hewlett Packard', 'Drive Dimensions': '3.5 inches x 1/3H (Low Profile)', 'Category': 'Proliant Hard Drive', 'Enclosure': 'Internal', 'Hot Swap Tray': 'Not Included'}"
sillworks.com/canada/product_info.php?products_id=457489&currency=CAD,_:node771c21166739331c778de98e906231,"{'Speed': '6GB/s', 'Generation': 'SAS', 'Part Number': 'DG0146FAMWL', 'Products ID': '457489', 'Sub-Category': '10K', 'Type': 'Hard Drive - Hot-Swap', 'Category': 'Proliant HardDrive', 'Capacity': '146GB', 'Spindle Speed': '10000RPM', 'Interface Type': 'Serial Attached SCSI', 'Ports': 'Dual Port'}"
sillworks.com/canada/product_info.php?products_id=458079,_:nodea483df96c48e78596a59f93886aa,"{'Process Technology': '32nm', 'Processor Type': 'Intel Xeon', 'Products ID': '458079', 'Processor Socket': 'Socket LGA-1567', 'Processor Qty': '1', 'L2 Cache': '2.5MB', 'Product Type': 'Processor', 'Thermal Design Power': '130W', 'L3 Cache': '24MB', '64-bit Processing': 'Yes', 'Category': 'Proliant Processor', 'Generation': 'G7', 'Sub-Category': 'Intel Xeon', 'Processor Core': 'Deca-Core', 'QuickPath Interconnect': '6.4GT/s', 'Clock Speed': '2.0GHz', '': '', 'Part Number': '643071-B21'}"
sillworks.com/canada/product_info.php?products_id=458204&currency=CAD,_:node305ee88a71e5a454eadc1ec33113438,"{'Processor Type': 'Intel Xeon', 'Products ID': '458204', 'Process Technology': '32nm', 'Thermal Design Power': '95W', 'Category': 'Proliant Processor', 'L3 Cache': '12MB', 'QuickPath Interconnect': '6.4GT/s', '64-bit Processing': 'Yes', 'Part Number': '637406-B21', 'Sub-Category': 'Intel Xeon', 'Product Type': 'Processor', 'L2 Cache': '1.5MB', 'Generation': 'G7', 'Processor Qty': '1', 'Processor Core': 'Hexa-Core', 'Processor Socket': 'Socket B LGA-1366', 'Clock Speed': '3.06GHz'}"
sillworks.com/product_info.php?manufacturers_id=11&products_id=200380,_:nodea3c936be499d4c791221ee9cdcf8bd,"{'Speed': '6GB/s', 'Interface Type': 'Serial Attached SCSI', 'Part Number': '718302-001-5Pack', 'Ports': 'Dual Port', 'Products ID': '200380', 'Spindle Speed': '7200RPM', 'Category': 'StorageWorks HardDrive', 'Capacity': '4TB', 'Type': 'Hard Drive - Hot-Plug', 'Sub-Category': '7.2K', 'Generation': 'SAS MSA2'}"
sillworks.com/product_info.php?manufacturers_id=11&products_id=460062,_:node490fc9e3a3fced9bcd7c499cb372e80,"{'Data Transfer Rate': '150MB/s', 'Form Factor': '2.5 inches x 1/8H', '': '', 'Part Number': '405419-001-5Pack', 'Generation': 'SATA', 'Average Seek Time': '15ms', 'Category': 'Proliant HardDrive', 'Products ID': '460062', 'Interface Type': 'Serial ATA-150', 'Sub-Category': '5.4K', 'Type': 'Hard Drive - Hot-Swap', 'Capacity': '60GB', 'Spindle Speed': '5400RPM'}"
sillworks.com/product_info.php?products_id=13094&currency=USD,_:node9c86a0a7bb9d2c671d8ca5f7c19accfb,"{'Data Transfer Rate - Compressed': '24Mbps', '': '', 'Products ID': '13094', 'Interface Type': 'SCSI', 'SCSI Signaling Type': 'Low Voltage Differential (LVD)', 'Compressed Capacity': '200GB', 'Platform': 'PC', 'Dimensions (HxWxD)': '1.77 in x 4.65 in x 8.51 in', 'Weight': '1.9lbs', 'Tape Type': 'AIT', 'Enclosure Type': 'Internal', 'Native Data Transfer Rate': '12Mbps', 'Category': 'Proliant', 'Generation': '100/200GB', 'Part Number': '249161-B21', 'Sub-Category': 'Tape Drive', 'Native Capacity': '100GB'}"
sillworks.com/product_info.php?products_id=141827&currency=USD,_:node93d2ced393d1573d3789318997143,"{'Device Type': 'Power distribution strip', 'Generation': '120volt 24amp', 'Part Number': '252663-D72', 'Products ID': '141827', 'Sub-Category': 'Rackmount', 'Output Connector': '32 x power IEC 320 EN 60320 C13', 'Form Factor': 'Rack-moutable 1 U', 'Category': 'PDU', 'Output Voltage': 'AC 208 V', 'Load Rating': 'Small LAN / file server', 'Input Voltage': 'AC 200/240 V'}"
sillworks.com/product_info.php?products_id=469082,_:nodedf3f0c312f1aed308934cc2793d36f,"{'': '', 'Products ID': '469082', 'Category': 'Dell HardDrive', 'Enclosure': 'Internal', 'Drive Dimensions': '3.5 inches x 1/3H (LFF)', 'Hot Swap Tray': 'Included/Attached', 'External Data Transfer Rate': '6G = 6Gb/sec (750 MB/s)', 'Pre-Failure Warranty': 'Yes', 'Part Number': '0197JM-5Pack', 'Sub-Category': '7.2K', 'Manufacturer': 'Dell', 'HotSwap': 'Yes', 'Spindle Speed': '7200RPM', 'Generation': 'SAS', 'Capacity': '2TB', 'Interface': 'Serial Attached SCSI (SAS 2)', 'Seek Time': '4.5ms'}"
silworks.com/product_info.php?products_id=142588,_:node43cd7122e2f9b71b12fc29c854dabbc8,"{'': '', 'Processor Type': 'Intel Xeon', 'Products ID': '142588', 'Process Technology': '90nm', 'Thermal Design Power': '55W (Low Voltage)', 'Category': 'Proliant Processor', 'Part Number': '394921-B21', '64-bit Processing': 'Yes', 'Bus Speed': '800MHz', 'Sub-Category': 'Xeon', 'Product Type': 'Processor Upgrade', 'L2 Cache': '2MB', 'Generation': 'G4p', 'Processor Qty': '1', 'Processor Core': 'Single-Core', 'Processor Socket': 'Socket PGA-604', 'Clock Speed': '3.0GHz'}"
silworks.com/product_info.php?products_id=485827&PHPSESSID=fbipbuuju03ikdmfuv1lfdbvm2,_:node76c2f479709f71967332a3cffac323e3,"{'': '', 'Products ID': '485827', 'Category': 'Dell EqualLogic Drive', 'Enclosure': 'Internal', 'Drive Dimensions': '3.5 inches x 1/3H (Low Profile)', 'Hot Swap Tray': 'Included', 'External Data Transfer Rate': '6G = 6Gb/sec (750 MB/s)', 'Pre-Failure Warranty': 'Yes', 'Part Number': '002R3X-2Pack', 'Sub-Category': '15K', 'Manufacturer': 'Dell EqualLogic', 'HotSwap': 'Yes', 'Spindle Speed': '15000RPM', 'Generation': 'SAS', 'Capacity': '600GB', 'Interface': 'Serial Attached SCSI (SAS)', 'Seek Time': '4.5ms'}"
tmart.com/130W-AC-Adapter-Power-Supply-Cord-for-Dell-XPS-M170-M1710-Laptop-Battery-Charger_p316701,_:node3ea3d4dd82d421bf53f218dae3b47550,"{'Weight': '25.04oz / 710g', 'Tip Diameter': '(0.20 x 0.29)"" / (5.0 x 7.4)mm (Inner Dia. x Outside Dia.)', 'Condition': 'New', 'Color': 'Black', 'Input': '100-240V ~2.5A, 50/60Hz', 'Output': '19.5V~6.7A, 130W', 'Power Cable Type': 'US Standard, 3 Pins', 'Dimensions': '(6.54 x 2.60 x 1.50)"" / (16.6 x 6.6 x 3.8)cm (L x W x H)'}"
tmart.com/16GB-Thumb-Stick-Clasp-Leather-USB-Flash-Drive-Brown_p111467,_:nodea5a1d296451e56ecc23d53c71447b43,"{'Operating Systems': 'Works on all major operating systems', 'Weight': '0.67 oz', 'Writing Speed': '8MB/sec', 'USB Interface': 'USB 1.0 / 1.1 / 2.0', 'Drive Capacity': '16GB', 'Size': '3.54"" x 1.06"" x 0.59"" (L x W x H)', 'Color': 'Brown', 'Reading Speed': '12MB/sec'}"
tmart.com/16GB-Thumb-Stick-Clasp-Leather-USB-Flash-Drive-Brown_p111467,_:nodea5a1d296451e56ecc23d53c71447b43,"{'Operating Systems': 'Works on all major operating systems', 'Weight': '0.67 oz', 'Writing Speed': '8MB/sec', 'USB Interface': 'USB 1.0 / 1.1 / 2.0', 'Drive Capacity': '16GB', 'Size': '3.54"" x 1.06"" x 0.59"" (L x W x H)', 'Color': 'Brown', 'Reading Speed': '12MB/sec'}"
tmart.com/7-Tablet-PC-Leather-Case-with-USB-Keyboard-Holder-White_p158925,_:node793ab117ba6e4bab7c1f044304f491b,"{'Material': 'Leather', 'Compatible With': '7"" Tablet PC', 'Weight': '350g / 12.35oz', 'Color': 'White', 'Dimensions': '23 x 14.5 x 3cm / 9.05 x 5.7 x 1.18"" (L x W x H)'}"
tmart.com/8-Cell-Laptop-Battery-for-Toshiba-PA3450U-1BRS-PA3506U-1BRS-1BAS-Equium-5200mAh_p319202,_:node63e4e5d925d9a3cfab2475b7fcead599,"{'Battery Cells': '8-cells', 'Capacity': '5200mAh', 'Weight': '16.12 oz / 457 g', 'Voltage': '14.4 V', 'Size': '8.07 x 2.56 x 0.79 inch / 20.5 x 6.5 x 2cm(L x W x H)', 'Cell Type': 'Li-ion', 'Battery Type': 'Replacement Battery', 'Color': 'Black'}"
tmart.com/New-12-Cell-7800mAh-Laptop-Battery-for-HP-Compaq-416996-131-434674-001-EV087AA_p317619,_:nodeee4d904a42229e3f4a12fc4be3731db,"{'Size': '10.71 x 2.24 x 1.57 inch / 27.2 x 5.7 x 4 cm(L x W x H)', 'Capacity': '7800mAh', 'Weight': '25.04 oz / 710 g', 'Voltage': '7.4V', 'Number of Cells': '12-cells', 'Cell Type': 'Li-ion', 'Battery Type': 'Replacement Battery', 'Color': 'Black'}"
tmart.com/Transformers-PC-Refacing-with-Auto-Sleep-Function-Protective-Case-for-iPad-2-3-4-Rose_p233564,_:node9a1d4b84ba82fe2b91ad444667dc68bf,"{'Compatible with': 'iPad 2/3/4', 'Material': 'PC, PU Leather', 'Weight': '6.91 oz / 196 g', 'Color': 'Rose', 'Dimensions': '( 24.5 x 18.8 x 1.5 )cm / ( 9.65 x 7.4 x 0.59 )"" (L x W x H)'}"
tweakers.net/pricewatch/1102907/msi-wind-top-pro-24t-6m-039eu,_:nodeaa0d1b4a52adeb5f7316b442615942,"{'Productserie': 'Wind Top Pro 24T', 'EAN': '4719072510657', 'Categorie': ""PC's"", 'Tweakers ID': '1102907', 'SKU': 'PRO 24T 6M-039EU', 'Merk': 'MSI', 'Product': 'MSI Wind Top Pro 24T 6M-039EU', 'Uitvoering': 'MSI Wind Top Pro 24T 6M-039EU'}"
tweakers.net/pricewatch/405183/enermax-twisterpressure-uctp12p-120mm,_:node43e87db29cfaec95d2b7ed4b8eeb637,"{'EAN': '4713157733351', 'Categorie': 'Ventilatoren', 'Tweakers ID': '405183', 'SKU': 'UCTP12P', 'Merk': 'Enermax', 'Product': 'Enermax TwisterPressure UCTP12P', 'Uitvoering': 'Enermax TwisterPressure UCTP12P, 120mm'}"
usapartsdirect.com/canada/product_info.php?cPath=&products_id=455582,_:nodeea8736f4b4607e5c81afd7ace266e54d,"{'Processor Type': 'Intel Xeon', 'Products ID': '455582', 'Process Technology': '45nm', 'Thermal Design Power': '95W', 'Category': 'Proliant Processor', 'L3 Cache': '8MB', 'Part Number': '507676-B21', '64-bit Processing': 'Yes', 'Bus Speed': '1333MHz', 'Sub-Category': 'Xeon', 'Product Type': 'Processor Board', 'L2 Cache': '1MB', 'Generation': 'G6', 'Processor Qty': '1', 'Processor Core': 'Quad-Core', 'Processor Socket': 'Socket B LGA-1366', 'Clock Speed': '2.80GHz'}"
usapartsdirect.com/canada/product_info.php?cPath=102&products_id=458224,_:node4bb9bdcdcc25ec2d5f4a93b5fe3c507c,"{'': '', 'Process Technology': '45nm', 'Processor Core': 'Quad-Core', 'Bus Speed': '1333MHz', 'Product Type': 'Processor', 'Processor Socket': 'Socket LGA-775', 'Part Number': '493245-B22', 'Generation': 'G5', 'Category': 'Proliant Processor', 'Products ID': '458224', 'Processor Qty': '1', 'L2 Cache': '12MB', '64-bit Processing': 'Yes', 'Sub-Category': 'Intel Xeon', 'Clock Speed': '2.83GHz', 'Processor Type': 'Intel Xeon', 'Thermal Design Power': '95W'}"
usapartsdirect.com/canada/product_info.php?manufacturers_id=10&products_id=458526,_:node6c60bcbd7651d257cbd02211a399cb7d,"{'Pre-Failure Warranty': 'Yes', 'Part Number': '9W902-5Pack', 'Data Transfer Rate': '320MB/s', 'Disk Size': '5.75 inches x 4.0 inches x 1.0 inch', 'Spindle Speed': '15000RPM', 'Manufacturer': 'Dell', 'Backward Compatability': 'U2 and U3 Speeds', 'Generation': 'Ultra320', 'Seek Time': '4.9ms', 'Interface': 'Ultra320 SCSI', 'Products ID': '458526', 'Application': 'Server Storage', 'Category': 'Dell HardDrive', 'Capacity': '18GB', 'Bytes/Sec': '512', 'Sub-Category': '15K', 'Enclosure': 'Internal'}"
usapartsdirect.com/canada/product_info.php?products_id=141809,_:nodefec52d10d5519cd83054aaf24d8dffd,"{'Technology': 'DDR RAM', '': '', 'Bus Clock': '400MHz', 'HP Logo': 'Yes', 'Part Number': '354560-B21', 'Generation': 'ML110', 'Capacity': '512 B', 'Category': 'Proliant Memory', 'Products ID': '141809', 'Sub-Category': 'Genuine HP Memory', 'Manufacturer': 'Hewlett-Packard', 'Server Model': 'HP Proliant', 'Compatibility': 'HP Proliant Servers', 'Guaranteed Genuine HP': 'Yes', 'Application': 'Server Memory', 'HP Serial Number': 'Yes'}"
usapartsdirect.com/canada/product_info.php?products_id=455560,_:node8a06d1c5d9db17c893adb543f92c14,"{'': '', 'Processor Type': 'Intel Xeon', 'Products ID': '455560', 'Process Technology': '45nm', 'Thermal Design Power': '80W', 'L1 Cache': '256KB', 'Category': 'Proliant Processor', 'L3 Cache': '8MB', 'Part Number': '495938-B21', '64-bit Processing': 'Yes', 'Bus Speed': '1066MHz', 'Sub-Category': 'Xeon', 'Product Type': 'Processor Upgrade', 'L2 Cache': '1MB', 'Generation': 'G6', 'Processor Qty': '1', 'Processor Core': 'Quad-Core', 'Processor Socket': 'Socket B LGA-1366', 'Clock Speed': '2.40GHz'}"
usapartsdirect.com/canada/product_info.php?products_id=457069,_:node77a73784d2e8e5891fdedac94795061,"{'External Data Transfer': '6GB/s', 'Products ID': '457069', 'Category': 'Proliant HardDrive', 'Enclosure': 'Internal', 'Drive Dimensions': '3.5 inches x 1', 'Hot Swap Tray': 'Included/Attached', 'Ports': 'Dual Port', 'Part Number': '507616-B21-2Pack', 'Limited Warranty': 'Yes', 'Sub-Category': '7.2K', 'Manufacturer': 'Hewlett Packard', 'HotSwap': 'Yes', 'Spindle Speed': '7200RPM', 'Generation': 'SAS', 'Capacity': '2TB', 'Interface': 'Serial Attached SCSI (SAS)', 'Seek Time': '8.5ms'}"
usapartsdirect.com/canada/product_info.php?products_id=476945,_:node91d84f7fc241ef5b937d4bc310d85e,"{'Products ID': '476945', 'Capacity': '600GB', 'Ports': 'Dual Port', 'Interface Type': 'Serial Attached SCSI', 'Sub-Category': '10K', 'Type': 'Hard Drive - Hot-Swap', 'Part Number': '785413-001', 'Data Transfer Rate': '12GB/s', 'Generation': 'SAS', 'Spindle Speed': '10000RPM', 'Category': 'Proliant HardDrive'}"
usapartsdirect.com/product_info.php?cPath=&products_id=142639,_:node14a393bafe0fbf858ae6abfceba6031,"{'': '', 'Products ID': '142639', 'Technology': 'EDO RAM', 'Category': 'Proliant Memory', 'Server Model': 'HP Proliant', 'Guaranteed Genuine HP': 'Yes', 'Part Number': '281859-002', 'HP Serial Number': 'Yes', 'Sub-Category': 'Genuine HP Memory', 'Manufacturer': 'Hewlett-Packard', 'Compatibility': 'HP Proliant Servers', 'Generation': '128 MB', 'Capacity': '128 MB', 'HP Logo': 'Yes', 'Application': 'Server Memory'}"
usapartsdirect.com/product_info.php?cPath=&products_id=143283,_:nodea2e1b6fb79db571c9b458d65f3446247,"{'Products ID': '143283', 'Category': 'HP', 'Generation': '9000', 'Sub-Category': 'Power Supply', 'Part Number': 'A3639-69217'}"
usapartsdirect.com/product_info.php?cPath=&products_id=455197,_:node8e83d3f589648d775e4eb1f4742a81,"{'Speed': '3GB/s', 'Generation': 'SAS', 'Part Number': '504062-B21-5Pack', 'Products ID': '455197', 'Sub-Category': '10K', 'Type': 'Hard Drive - Hot-Swap', 'Category': 'Proliant HardDrive', 'Capacity': '146GB', 'Spindle Speed': '15000RPM', 'Interface Type': 'Serial Attached SCSI', 'Ports': 'Dual Port'}"
usapartsdirect.com/product_info.php?cPath=&products_id=455581,_:nodeb9469c9e21d660c4af8cd7dc55fac3d,"{'': '', 'Processor Type': 'Intel Xeon', 'Products ID': '455581', 'Process Technology': '45nm', 'Thermal Design Power': '80W', 'L1 Cache': '256KB', 'Category': 'Proliant Processor', 'L3 Cache': '8MB', 'QuickPath Interconnect': '6.40GT/s', '64-bit Processing': 'Yes', 'Part Number': '507674-B21', 'Sub-Category': 'Xeon', 'Product Type': 'Processor Board', 'L2 Cache': '1MB', 'Generation': 'G6', 'Processor Qty': '1', 'Processor Core': 'Quad-Core', 'Processor Socket': 'Socket B LGA-1366', 'Clock Speed': '2.93GHz'}"
usapartsdirect.com/product_info.php?cPath=129&products_id=15125,_:node629744ba704455d7a012765a90c69d48,"{'': '', 'Generation': '1000B', 'Part Number': '209816-001', 'Products ID': '15125', 'Sub-Category': 'Network Interface Card', 'Package Qty': '1', 'Category': 'HP Server', 'Max. Data Transfer Rate': '1000Mbps', 'Cabling Type': 'Ethernet 1000Base-SX', 'Dimensions (DxH)': '7.01 in x 2.76 in'}"
usapartsdirect.com/product_info.php?manufacturers_id=11&products_id=1180,_:node8d1d81f41e2f538692d61c3350bd20bf,"{'': '', 'Products ID': '1180', 'Category': 'Proliant Hard Drive', 'Height': '1 inch', 'Drive Capacity': '18 GB', 'Interface': 'Ultra2 SCSI', 'Rotational Speed': '10,000 rpm', 'Part Number': '104664-001', 'Data Storage Device Type': 'SAS (Server attached storage)', 'Sub-Category': '7.2K', 'Data Transfer Rate': '80MB / s', 'Additional Information': 'LVD - Low Voltage Differential', 'Generation': 'Ultra2 NHP', 'Hard Drive Device Type': 'Hard drive for server/storage unit (HP)', 'Manufacturer': 'HP/Compaq'}"
usapartsdirect.com/product_info.php?products_id=1202&currency=USD,_:node28baf637564faa5d4a77a80b532e75,"{'Products ID': '1202', 'Category': 'Proliant HardDrive', 'Height': '1 inch', 'Drive Capacity': '9.1GB', 'Interface': 'Ultra3 SCSI', 'Additional information': 'LVD - Low Voltage Differential', 'Rotational Speed': '10,000 rpm', 'Part Number': '176493-001', 'Data Storage Device Type': 'SAS (Server Attached Storage)', 'Sub-Category': '10K', 'Access time': '5.0ms', 'Generation': 'Ultra3', 'Hard Drive Device Type': 'Hard drive for server/storage unit (HP)', 'Manufacturer': 'HP/Compaq', 'Data Transfer Rate': '160MB'}"
usapartsdirect.com/product_info.php?products_id=13250,_:node8e70f6cc64833ca1a0ebb8464c96c831,"{'': '', 'Weight': '14.77 lbs', 'Interface Type': 'SCSI', 'Products ID': '13250', 'Category': 'Proliant', 'Platform': 'PC, Unix', 'Part Number': '402230-001', 'Sub-Category': 'TapeDrive', 'Enclosure Type': 'Internal', 'Generation': '35/70GB', 'Native Data Transfer Rate': '5 Mbps', 'Data Transfer Rate - Compressed': '10 Mbps', 'Compressed Capacity': '70GB', 'Native Capacity': '35GB', 'Tape Type': 'DLT'}"
usapartsdirect.com/product_info.php?products_id=143995&currency=USD,_:node673c944e58e5d511bfb042184270c60,"{'': '', 'Processor Socket': 'Socket PGA-940', 'Processor Core': 'Dual-Core', 'Product Type': 'Processor', 'Part Number': '383390-B21-2Pack', 'Generation': '1.8GHz', 'Category': 'Proliant Processor', 'Products ID': '143995', 'Processor Qty': '1', 'L2 Cache': '2MB', 'Sub-Category': 'Opteron', 'Clock Speed': '1.8GHz', 'Processor Type': 'AMD Opteron'}"
usapartsdirect.com/product_info.php?products_id=15403&currency=USD,_:noded48384c17f1343a09f96e836ecba739,"{'RAM (Installed)': '1GB', '': '', 'Cache Memory (installed)': '1MB', 'Products ID': '15403', 'Controller RAID Level': 'RAID 0, RAID 1, RAID 10, RAID 5', 'RAM Technology': 'DDR SDRAM', 'Category': 'Proliant Server', 'Chassis Form': 'Blade', 'Part Number': '347955-B21', 'Sub-Category': 'BL20', 'Networking Protocol': 'Ethernet, Fast Ethernet, Gigabit Etherne', 'Generation': 'G3', 'Hard Drive Type': 'Hot-swap', 'Model': 'ProLiant BL20p', 'RAM (maximum)': '8GB'}"
usapartsdirect.com/product_info.php?products_id=458313,_:node03ec52270609411dedf3cbd8cedafe,"{'Process Technology': '32nm', 'Processor Type': 'Intel Xeon', 'Products ID': '458313', 'Processor Qty': '1', 'L2 Cache': '6MB', 'Product Type': 'Processor', 'Thermal Design Power': '40W', 'Processor Socket': 'Socket J LGA-771', '64-bit Processing': 'Yes', 'Category': 'Proliant Processor', 'Generation': 'G5', 'Sub-Category': 'Intel Xeon', 'Processor Core': 'Dual-Core', 'Clock Speed': '3.0GHz', 'L1 Cache': '128KB', 'Bus Speed': '1333MHz', 'Part Number': '448373-B21'}"
usapartsdirect.com/product_info.php?products_id=458577&currency=USD,_:nodeed5b45eab6beab7df3caea9b92d35,"{'Capacity': '36GB', 'Manufacturer': 'Dell', 'Interface': 'Ultra3 SCSI', 'Pre-Failure Warranty': 'Yes', 'Seek Time': '4.9ms', 'Part Number': '4323U-5Pack', 'Backward Compatability': 'U2 Speeds', 'Generation': 'Ultra160', 'Data Transfer Rate': '160MB/s', 'Category': 'Dell HardDrive', 'Products ID': '458577', 'Sub-Category': '10K', 'Disk Size': '5.75 inches x 4.0 inches x 1.0 inch', 'Bytes/Sec': '512', 'Enclosure': 'Internal', 'Application': 'Server Storage', 'Spindle Speed': '10000RPM'}"
usapartsdirect.com/product_info.php?products_id=459027,_:node5aa22a4b70d87bc6435a14fdeac8e7b,"{'Products ID': '459027', 'Category': 'Seagate HardDrive', 'Cache': '64MB', 'Enclosure': 'Internal', 'Drive Dimensions': '2.5 inches x 1/3H (Low Profile)', 'Hot Swap Tray': 'Not Included', 'Pre-Failure Warranty': 'Yes', 'Part Number': 'ST9146853SS', 'Average Latency': '2.0ms', 'Sub-Category': '15K', 'Data Transfer Rate': '600MB/s', 'HotSwap': 'Yes', 'Spindle Speed': '15000RPM', 'Generation': 'SAS SFF', 'Capacity': '146GB', 'Interface': 'Serial Attached SCSI (SAS)', 'Manufacturer': 'Seagate'}"
www3.lenovo.com/nz/en/accessories-and-monitors/privacy-and-protection/privacy-filters-black/PRTCTR-BO-Privacy-Filter-for-Yoga-260/p/4XJ0L01578,_:node4d1abaeaf1a76a114bc382fa83ad13d0,"{'Warranty Period': 'One Year', 'Part Number': '4XJ0L01578', 'Width': '192mm', 'Height (US)': '11.8in', 'Warranty Types': 'Warranty Supplied by Vendor use www.3mscreens.com/lenovo', 'Height': '299mm', 'Width (US)': '7.6in', 'Depth': '0.3mm', 'Weight (US)': '0.06 lbs', 'Depth (US)': '0.03in', 'Weight': '0.03Kg'}"
play-asia.com/seagate-desktop-hdd-1tb-sata-6gbs/13/705g9v,_:node5719a89335ad70f8b098a8fd9eb8eb62,"{'Catalog No.\xa0': 'ST1000DM003', 'PAX-Code': 'PAX0004324596', 'Official Release Date\xa0': 'Sep 30, 2011', 'Item Code\xa0': '7636490025914', 'Product Measures': '18cm x 14cm x 6cm', 'Genre\xa0': 'Hard Drive (Internal)'}"
sillworks.com/product_info.php?manufacturers_id=13&products_id=470576,_:node2237436482f04de2652ed1017ccdeb8,"{'Capacity': '1TB', 'Form Factor': '3.5 inches x 1/3H (Internal)', 'Interface': 'Serial ATA', 'Pre-Failure Warranty': 'Yes', 'Hot Swap Tray': 'Not Included', 'Part Number': 'ST1000DM003-2Pack', 'Generation': 'SATA', 'Average Seek Time': '8.5ms', 'Category': 'Seagate HardDrive', 'Products ID': '470576', 'Sub-Category': 'Desktop', 'Data Transfer Rate': '600MB/s', 'Cache': '64MB', 'Spindle Speed': '7200RPM', 'Manufacturer': 'Seagate'}"
eclipsecomputers.com/Product/1Tb-Seagate-Barracuda-7200rpm-SATA3-64Mb-HardDrive/,_:nodeaf35534f390964d9b75d9913fba7f59,"{'EAN :': '7636490025914', 'Buffer :': '64Mb', 'Weight (kg) :': '1.50', 'Spin Speed :': '7200rpm', 'Capacity :': '1Tb', 'Access Time :': '', 'Bearing Type :': 'Fluid Ball', 'Model :': 'ST1000DM003', 'Item :': '1Tb Seagate Barracuda 7200rpm SATA3 64Mb HardDrive', 'Price :': 'Â£48.18', 'Interface :': 'SATA3 6.0Gb / s', 'Item Code :': 'HDS-1000DM3', 'Brand :': 'Seagate'}"
filmtools.com/seagate-1tb-7200rpm-64mb-st1000dm003,_:nodee786ae72bf1263b1b10e2799885ccb7,"{'Dimensions': '4.0 x 5.79 x 0.78"" (10.16 x 14.7 x 2.02 cm)', 'Cache': '64MB', 'Annual Failure Rate': '<1%', 'Random Write Seek Time': '<9.5 ms', 'Areal Density (avg)': '625 Gb/inÂ²', 'Random Read Seek Time': '<8.5 ms', 'Guaranteed Sectors': '1,953,525,168', 'Power': '2.0 (maximum start current, DC)', 'Average Latency (ms)': '4.16 ms', 'Rotational Speed': '7200 RPM', 'Weight': '14.1 oz (400 g)', 'Interface': 'SATA 6 Gb/s', 'Compatibility': 'Windows\xa0 Mac\xa0 Linux'}"
memory4less.com/seagate-barracuda-1tb-sata-6-0-gbps-hard-drive-st1000dm003,_:node5cb3b5bcda7115551f9e6f3df72068,"{'Cache': '64 MB', 'Average Seek Time': '8.5 ms', 'Product Type': 'Internal Hard Drive', 'Features': 'Seagate AcuTrac Technology Seagate OptiCache Technology Seagate SmartAlign Technology', 'Manufacturer Part #': 'ST1000DM003', 'Product Line': 'Barracuda', 'Manufacturer': 'Seagate', 'Form Factor': '3.5-inch', 'Spindle Speed': '7200 RPM', 'Capacity': '1 TB', 'Drive Interface Type': 'SATA 6.0 Gbps'}"
ncix.com/products/index.php?sku=69412&vpn=TL-SG1016D&manufacture=Others,_:node812a3748dd8e17814eec3ee8346df,"{'Green Compliance Certificate/Authority': 'RoHS', 'Total Number of Network Ports': '16', 'Power Source': 'Power Supply', 'ProductId': '1018406610', 'Height': '1.2""', 'Width': '11.6""', 'Network Technology': '10/100/1000Base-T', 'Ethernet Technology': 'Gigabit Ethernet Fast Ethernet', 'Layer Supported': '2', 'Green Compliant': 'Yes', 'Depth': '7.1""', 'Form Factor': 'Rack-mountable Desktop', 'Port/Expansion Slot Details': '16 x Gigabit Ethernet Network'}"
eclipsecomputers.com/Product/TP-Link-TL-SG1016D-16-Port-Gigabit-Ethernet-Switch/,_:node1fbe2ac1f069f6a3984c3068f64b6b8,"{'EAN :': '0845973020613', 'Price :': 'Â£60.72', 'Model :': 'TL-SG1016D', 'Brand :': 'TP-Link', 'Item :': 'TP-Link TL-SG1016D 16 Port Gigabit Ethernet Switch', 'Item Code :': 'NHT-TLSG1016D', 'Weight (kg) :': '6.00'}"
deltacctv.co.uk/wd-3tb-3-5-sata-surveillance-storage-purple-hard-drive-for-cctv-dvr-nvr-home-pc-system-wd30purx/,_:node3ba0d69ab9a26c10e9724e873bb872a,"{'Advance format (AF)': 'Yes', 'Buffer to host': '6 Gb/s', 'Host to/from drive (sustained)': '145 MB/s', 'Interface transfer rate (max)': '\xa0', 'Cache (MB)': '64', 'Form factor': '3.5 inch', 'Weight (kg)': '0.64', 'Formatted capacity': '3TB', 'Performance class / Rotational speed (RPM)': 'IntelliPower', 'Specification': '3TB', 'Model Number': 'WD30PURX'}"
play-asia.com/western-digital-wd-purple-3tb-sata-6gbs/13/708gzh,_:nodeadf23aad392ea1bc5e10ec9b288d940,"{'Catalog No.\xa0': 'WD30PURX', 'Official Release Date\xa0': 'Feb 26, 2014', 'Item Code\xa0': '0718037823300', 'Genre\xa0': 'Hard Drive (Internal)', 'Product Measures': '14.7cm x 10.16cm x 2.61cm', 'PAX-Code': 'PAX0006719726'}"
ncix.com/detail/western-digital-purple-3tb-sata3-91-94878.htm?promoid=1666,_:nodeeda14ad071d0af99736c17729f80978a,"{'Drive Interface': 'SATA', 'Drive Interface Standard': 'SATA/600', 'Limited Warranty': '3 Year', 'Height': '1""', 'Buffer': '64 MB', 'Weight (Approximate)': '1.40 lb', 'Drive Type': 'Internal', 'ProductId': '1027094882', 'Drive Width': '3.5""', 'Storage Capacity': '3 TB', 'Device Supported': 'Storage System', 'Wireless LAN': 'No', 'Width': '4""', 'Depth': '5.8""'}"